design,band,window,w_c0,w_c1,w_c2,w_c3,w_c4,w_c5,w_c6,w_c7
A_unconstrained,SB0,dolph20_frozen,0.866830,0.504310,0.621670,0.733379,0.832733,0.913515,0.970519,1.000000
A_unconstrained,SB1,kaiser_b5,0.037077,0.121461,0.251426,0.419047,0.605288,0.783064,0.922937,1.000000
A_unconstrained,SB2,kaiser_b22.5,0.000000,0.000019,0.000951,0.013062,0.082980,0.298774,0.673453,1.000000
B_wng_ge_-3dB,SB0,dolph20_frozen,0.866830,0.504310,0.621670,0.733379,0.832733,0.913515,0.970519,1.000000
B_wng_ge_-3dB,SB1,gauss_s4.0,0.173774,0.269146,0.391606,0.535261,0.687289,0.829029,0.939413,1.000000
B_wng_ge_-3dB,SB2,dolph120,0.001364,0.011435,0.049772,0.147170,0.327771,0.579133,0.835522,1.000000
C_table9_att30_grade1,SB0,dolph20_frozen,0.866830,0.504310,0.621670,0.733379,0.832733,0.913515,0.970519,1.000000
C_table9_att30_grade1,SB1,kaiser_b5,0.037077,0.121461,0.251426,0.419047,0.605288,0.783064,0.922937,1.000000
C_table9_att30_grade1,SB2,kaiser_b22.5,0.000000,0.000019,0.000951,0.013062,0.082980,0.298774,0.673453,1.000000
