design,band,window,freq_hz,BW6dB_full_deg,BW3dB_full_deg,peak_SLL_dB,sll_at_edge,DI_dB,WNG_norm_dB_re_uniform,WNG_abs_dB,att30_dB,att90_dB,L_grade
A_unconstrained,SB0,dolph20_frozen,1000.0,29.269,21.222,-20.000,False,7.155,-0.173,11.868,23.098,22.404,L2/numpy
A_unconstrained,SB0,dolph20_frozen,1106.7,26.394,19.156,-20.000,False,7.591,-0.173,11.868,20.146,56.638,L2/numpy
A_unconstrained,SB0,dolph20_frozen,1224.7,23.810,17.294,-20.000,False,8.024,-0.173,11.868,20.819,21.676,L2/numpy
A_unconstrained,SB0,dolph20_frozen,1355.4,21.486,15.616,-20.000,False,8.437,-0.173,11.868,26.144,20.881,L2/numpy
A_unconstrained,SB0,dolph20_frozen,1500.0,19.394,14.103,-20.000,False,8.867,-0.173,11.868,36.845,55.304,L2/numpy
A_unconstrained,SB1,kaiser_b5,1500.0,28.840,20.613,-38.383,False,7.278,-1.585,10.457,36.829,52.282,L2/numpy
A_unconstrained,SB1,kaiser_b5,1683.7,25.637,18.343,-38.383,False,7.780,-1.585,10.457,40.906,56.077,L2/numpy
A_unconstrained,SB1,kaiser_b5,1889.9,22.800,16.327,-38.383,False,8.282,-1.585,10.457,39.459,54.776,L2/numpy
A_unconstrained,SB1,kaiser_b5,2121.3,20.284,14.536,-38.383,False,8.784,-1.585,10.457,56.678,73.375,L2/numpy
A_unconstrained,SB1,kaiser_b5,2381.1,18.052,12.943,-38.383,False,9.285,-1.585,10.457,45.780,63.210,L2/numpy
A_unconstrained,SB1,kaiser_b5,2672.7,16.068,11.526,-38.383,False,9.787,-1.585,10.457,51.026,61.783,L2/numpy
A_unconstrained,SB1,kaiser_b5,3000.0,14.306,10.265,-38.383,False,10.289,-1.585,10.457,52.282,62.836,L2/numpy
A_unconstrained,SB2,kaiser_b22.5,3000.0,28.916,20.417,nan,False,7.256,-4.618,7.424,25.337,179.003,L2/numpy
A_unconstrained,SB2,kaiser_b22.5,3367.4,25.703,18.169,-131.658,True,7.757,-4.618,7.424,32.569,131.658,L2/numpy
A_unconstrained,SB2,kaiser_b22.5,3779.8,22.859,16.173,-80.034,True,8.259,-4.618,7.424,42.170,80.034,L2/numpy
A_unconstrained,SB2,kaiser_b22.5,4242.6,20.337,14.398,-47.691,True,8.761,-4.618,7.424,55.210,47.691,L2/numpy
A_unconstrained,SB2,kaiser_b22.5,4762.2,18.098,12.820,-24.410,True,9.260,-4.618,7.424,73.654,24.410,L2/numpy
A_unconstrained,SB2,kaiser_b22.5,5345.4,16.110,11.417,-8.547,True,9.572,-4.618,7.424,102.165,8.547,L2/numpy
A_unconstrained,SB2,kaiser_b22.5,6000.0,14.342,10.168,-0.589,True,8.227,-4.618,7.424,179.003,0.589,L2/numpy
B_wng_ge_-3dB,SB0,dolph20_frozen,1000.0,29.269,21.222,-20.000,False,7.155,-0.173,11.868,23.098,22.404,L2/numpy
B_wng_ge_-3dB,SB0,dolph20_frozen,1106.7,26.394,19.156,-20.000,False,7.591,-0.173,11.868,20.146,56.638,L2/numpy
B_wng_ge_-3dB,SB0,dolph20_frozen,1224.7,23.810,17.294,-20.000,False,8.024,-0.173,11.868,20.819,21.676,L2/numpy
B_wng_ge_-3dB,SB0,dolph20_frozen,1355.4,21.486,15.616,-20.000,False,8.437,-0.173,11.868,26.144,20.881,L2/numpy
B_wng_ge_-3dB,SB0,dolph20_frozen,1500.0,19.394,14.103,-20.000,False,8.867,-0.173,11.868,36.845,55.304,L2/numpy
B_wng_ge_-3dB,SB1,gauss_s4.0,1500.0,24.558,17.640,-31.591,False,7.962,-0.904,11.137,37.356,37.478,L2/numpy
B_wng_ge_-3dB,SB1,gauss_s4.0,1683.7,21.844,15.702,-31.591,False,8.463,-0.904,11.137,55.964,37.886,L2/numpy
B_wng_ge_-3dB,SB1,gauss_s4.0,1889.9,19.436,13.980,-31.591,False,8.964,-0.904,11.137,33.426,39.799,L2/numpy
B_wng_ge_-3dB,SB1,gauss_s4.0,2121.3,17.298,12.448,-31.591,False,9.466,-0.904,11.137,32.145,36.558,L2/numpy
B_wng_ge_-3dB,SB1,gauss_s4.0,2381.1,15.399,11.086,-31.591,False,9.967,-0.904,11.137,46.538,48.958,L2/numpy
B_wng_ge_-3dB,SB1,gauss_s4.0,2672.7,13.710,9.873,-31.591,False,10.468,-0.904,11.137,34.728,43.271,L2/numpy
B_wng_ge_-3dB,SB1,gauss_s4.0,3000.0,12.208,8.794,-31.591,False,10.969,-0.904,11.137,37.478,38.875,L2/numpy
B_wng_ge_-3dB,SB2,dolph120,3000.0,19.743,14.015,-120.000,False,8.890,-2.983,9.058,69.467,120.223,L2/numpy
B_wng_ge_-3dB,SB2,dolph120,3367.4,17.570,12.479,-120.000,False,9.392,-2.983,9.058,135.666,130.666,L2/numpy
B_wng_ge_-3dB,SB2,dolph120,3779.8,15.641,11.113,-120.000,False,9.894,-2.983,9.058,133.330,120.074,L2/numpy
B_wng_ge_-3dB,SB2,dolph120,4242.6,13.925,9.898,-120.000,False,10.395,-2.983,9.058,127.997,120.004,L2/numpy
B_wng_ge_-3dB,SB2,dolph120,4762.2,12.400,8.815,-65.717,True,10.897,-2.983,9.058,123.262,65.717,L2/numpy
B_wng_ge_-3dB,SB2,dolph120,5345.4,11.042,7.852,-19.065,True,11.388,-2.983,9.058,120.758,19.065,L2/numpy
B_wng_ge_-3dB,SB2,dolph120,6000.0,9.835,6.994,-1.242,True,10.307,-2.983,9.058,120.223,1.242,L2/numpy
C_table9_att30_grade1,SB0,dolph20_frozen,1000.0,29.269,21.222,-20.000,False,7.155,-0.173,11.868,23.098,22.404,L2/numpy
C_table9_att30_grade1,SB0,dolph20_frozen,1106.7,26.394,19.156,-20.000,False,7.591,-0.173,11.868,20.146,56.638,L2/numpy
C_table9_att30_grade1,SB0,dolph20_frozen,1224.7,23.810,17.294,-20.000,False,8.024,-0.173,11.868,20.819,21.676,L2/numpy
C_table9_att30_grade1,SB0,dolph20_frozen,1355.4,21.486,15.616,-20.000,False,8.437,-0.173,11.868,26.144,20.881,L2/numpy
C_table9_att30_grade1,SB0,dolph20_frozen,1500.0,19.394,14.103,-20.000,False,8.867,-0.173,11.868,36.845,55.304,L2/numpy
C_table9_att30_grade1,SB1,kaiser_b5,1500.0,28.840,20.613,-38.383,False,7.278,-1.585,10.457,36.829,52.282,L2/numpy
C_table9_att30_grade1,SB1,kaiser_b5,1683.7,25.637,18.343,-38.383,False,7.780,-1.585,10.457,40.906,56.077,L2/numpy
C_table9_att30_grade1,SB1,kaiser_b5,1889.9,22.800,16.327,-38.383,False,8.282,-1.585,10.457,39.459,54.776,L2/numpy
C_table9_att30_grade1,SB1,kaiser_b5,2121.3,20.284,14.536,-38.383,False,8.784,-1.585,10.457,56.678,73.375,L2/numpy
C_table9_att30_grade1,SB1,kaiser_b5,2381.1,18.052,12.943,-38.383,False,9.285,-1.585,10.457,45.780,63.210,L2/numpy
C_table9_att30_grade1,SB1,kaiser_b5,2672.7,16.068,11.526,-38.383,False,9.787,-1.585,10.457,51.026,61.783,L2/numpy
C_table9_att30_grade1,SB1,kaiser_b5,3000.0,14.306,10.265,-38.383,False,10.289,-1.585,10.457,52.282,62.836,L2/numpy
C_table9_att30_grade1,SB2,kaiser_b22.5,3000.0,28.916,20.417,nan,False,7.256,-4.618,7.424,25.337,179.003,L2/numpy
C_table9_att30_grade1,SB2,kaiser_b22.5,3367.4,25.703,18.169,-131.658,True,7.757,-4.618,7.424,32.569,131.658,L2/numpy
C_table9_att30_grade1,SB2,kaiser_b22.5,3779.8,22.859,16.173,-80.034,True,8.259,-4.618,7.424,42.170,80.034,L2/numpy
C_table9_att30_grade1,SB2,kaiser_b22.5,4242.6,20.337,14.398,-47.691,True,8.761,-4.618,7.424,55.210,47.691,L2/numpy
C_table9_att30_grade1,SB2,kaiser_b22.5,4762.2,18.098,12.820,-24.410,True,9.260,-4.618,7.424,73.654,24.410,L2/numpy
C_table9_att30_grade1,SB2,kaiser_b22.5,5345.4,16.110,11.417,-8.547,True,9.572,-4.618,7.424,102.165,8.547,L2/numpy
C_table9_att30_grade1,SB2,kaiser_b22.5,6000.0,14.342,10.168,-0.589,True,8.227,-4.618,7.424,179.003,0.589,L2/numpy
