freq_hz,eps,BW6dB_full_deg,WNG_norm_dB,WNG_abs_dB,DI_dB,peak_SLL_dB,peak_at_0
250,1.0000e-08,31.814,-74.133,-62.092,6.681,-13.527,True
250,1.0902e-08,32.003,-73.854,-61.813,6.660,-13.566,True
250,1.1885e-08,32.198,-73.560,-61.518,6.637,-13.597,True
250,1.2957e-08,32.399,-73.250,-61.209,6.613,-13.620,True
250,1.4125e-08,32.606,-72.924,-60.883,6.587,-13.634,True
250,1.5399e-08,32.817,-72.582,-60.541,6.560,-13.639,True
250,1.6788e-08,33.034,-72.225,-60.183,6.532,-13.633,True
250,1.8302e-08,33.254,-71.851,-59.809,6.503,-13.617,True
250,1.9953e-08,33.477,-71.461,-59.419,6.472,-13.591,True
250,2.1752e-08,33.702,-71.054,-59.013,6.441,-13.554,True
250,2.3714e-08,33.929,-70.632,-58.591,6.409,-13.507,True
250,2.5852e-08,34.156,-70.194,-58.153,6.377,-13.449,True
250,2.8184e-08,34.382,-69.741,-57.700,6.344,-13.383,True
250,3.0726e-08,34.607,-69.272,-57.231,6.311,-13.308,True
250,3.3497e-08,34.830,-68.788,-56.747,6.278,-13.227,True
250,3.6517e-08,35.050,-68.290,-56.249,6.245,-13.139,True
250,3.9811e-08,35.267,-67.778,-55.736,6.212,-13.046,True
250,4.3401e-08,35.478,-67.251,-55.210,6.180,-12.663,True
250,4.7315e-08,35.685,-66.712,-54.671,6.148,-12.064,True
250,5.1582e-08,35.886,-66.160,-54.119,6.118,-11.526,True
250,5.6234e-08,36.081,-65.596,-53.555,6.088,-11.039,True
250,6.1306e-08,36.268,-65.020,-52.979,6.059,-10.598,True
250,6.6834e-08,36.449,-64.433,-52.392,6.031,-10.198,True
250,7.2862e-08,36.623,-63.836,-51.795,6.004,-9.833,True
250,7.9433e-08,36.789,-63.229,-51.188,5.978,-9.501,True
250,8.6596e-08,36.948,-62.612,-50.571,5.953,-9.199,True
250,9.4406e-08,37.099,-61.987,-49.946,5.929,-8.922,True
250,1.0292e-07,37.242,-61.353,-49.312,5.907,-8.669,True
250,1.1220e-07,37.378,-60.712,-48.671,5.886,-8.438,True
250,1.2232e-07,37.506,-60.064,-48.023,5.866,-8.227,True
250,1.3335e-07,37.627,-59.410,-47.369,5.847,-8.033,True
250,1.4538e-07,37.741,-58.749,-46.708,5.829,-7.856,True
250,1.5849e-07,37.848,-58.084,-46.042,5.812,-7.693,True
250,1.7278e-07,37.949,-57.413,-45.372,5.796,-7.545,True
250,1.8836e-07,38.043,-56.738,-44.697,5.782,-7.409,True
250,2.0535e-07,38.131,-56.060,-44.019,5.768,-7.284,True
250,2.2387e-07,38.213,-55.379,-43.338,5.755,-7.170,True
250,2.4406e-07,38.290,-54.696,-42.655,5.743,-7.065,True
250,2.6607e-07,38.362,-54.011,-41.970,5.732,-6.969,True
250,2.9007e-07,38.428,-53.325,-41.284,5.722,-6.882,True
250,3.1623e-07,38.491,-52.639,-40.598,5.712,-6.802,True
250,3.4475e-07,38.548,-51.954,-39.913,5.703,-6.728,True
250,3.7584e-07,38.602,-51.271,-39.230,5.695,-6.661,True
250,4.0973e-07,38.652,-50.590,-38.549,5.687,-6.600,True
250,4.4668e-07,38.698,-49.914,-37.873,5.680,-6.545,True
250,4.8697e-07,38.742,-49.242,-37.201,5.673,-6.494,True
250,5.3088e-07,38.782,-48.577,-36.536,5.667,-6.448,True
250,5.7876e-07,38.819,-47.920,-35.879,5.662,-6.406,True
250,6.3096e-07,38.854,-47.273,-35.231,5.657,-6.368,True
250,6.8786e-07,38.887,-46.637,-34.595,5.652,-6.333,True
250,7.4989e-07,38.917,-46.014,-33.973,5.647,-6.302,True
250,8.1752e-07,38.945,-45.407,-33.365,5.643,-6.274,True
250,8.9125e-07,38.972,-44.817,-32.776,5.640,-6.249,True
250,9.7163e-07,38.997,-44.247,-32.205,5.636,-6.227,True
250,1.0593e-06,39.020,-43.698,-31.657,5.633,-6.208,True
250,1.1548e-06,39.042,-43.174,-31.132,5.630,-6.191,True
250,1.2589e-06,39.063,-42.675,-30.634,5.627,-6.176,True
250,1.3725e-06,39.083,-42.204,-30.163,5.625,-6.163,True
250,1.4962e-06,39.102,-41.762,-29.721,5.623,-6.153,True
250,1.6312e-06,39.121,-41.350,-29.309,5.621,-6.145,True
250,1.7783e-06,39.139,-40.969,-28.927,5.619,-6.138,True
250,1.9387e-06,39.156,-40.618,-28.577,5.617,-6.134,True
250,2.1135e-06,39.173,-40.298,-28.257,5.615,-6.131,True
250,2.3041e-06,39.190,-40.008,-27.967,5.614,-6.131,True
250,2.5119e-06,39.206,-39.747,-27.706,5.612,-6.132,True
250,2.7384e-06,39.223,-39.513,-27.472,5.611,-6.135,True
250,2.9854e-06,39.239,-39.304,-27.263,5.610,-6.140,True
250,3.2546e-06,39.256,-39.119,-27.078,5.609,-6.147,True
250,3.5481e-06,39.273,-38.956,-26.914,5.608,-6.157,True
250,3.8681e-06,39.291,-38.811,-26.770,5.607,-6.168,True
250,4.2170e-06,39.310,-38.684,-26.643,5.606,-6.181,True
250,4.5973e-06,39.329,-38.572,-26.531,5.605,-6.197,True
250,5.0119e-06,39.349,-38.473,-26.432,5.604,-6.215,True
250,5.4639e-06,39.370,-38.386,-26.345,5.604,-6.235,True
250,5.9566e-06,39.392,-38.309,-26.268,5.603,-6.258,True
250,6.4938e-06,39.415,-38.240,-26.198,5.602,-6.284,True
250,7.0795e-06,39.440,-38.177,-26.136,5.602,-6.313,True
250,7.7179e-06,39.467,-38.121,-26.080,5.601,-6.346,True
250,8.4140e-06,39.495,-38.069,-26.028,5.600,-6.381,True
250,9.1728e-06,39.526,-38.021,-25.980,5.600,-6.421,True
250,1.0000e-05,39.558,-37.976,-25.934,5.599,-6.465,True
250,1.0902e-05,39.594,-37.932,-25.891,5.599,-6.513,True
250,1.1885e-05,39.631,-37.890,-25.849,5.598,-6.566,True
250,1.2957e-05,39.672,-37.848,-25.807,5.597,-6.624,True
250,1.4125e-05,39.717,-37.806,-25.765,5.596,-6.688,True
250,1.5399e-05,39.764,-37.764,-25.723,5.595,-6.758,True
250,1.6788e-05,39.816,-37.721,-25.680,5.595,-6.834,True
250,1.8302e-05,39.871,-37.676,-25.635,5.594,-6.918,True
250,1.9953e-05,39.932,-37.629,-25.588,5.592,-7.010,True
250,2.1752e-05,39.997,-37.580,-25.539,5.591,-7.110,True
250,2.3714e-05,40.067,-37.528,-25.487,5.589,-7.220,True
250,2.5852e-05,40.143,-37.473,-25.432,5.588,-7.340,True
250,2.8184e-05,40.225,-37.414,-25.373,5.586,-7.472,True
250,3.0726e-05,40.314,-37.351,-25.310,5.583,-7.616,True
250,3.3497e-05,40.410,-37.284,-25.242,5.581,-7.774,True
250,3.6517e-05,40.514,-37.211,-25.170,5.578,-7.946,True
250,3.9811e-05,40.625,-37.133,-25.092,5.574,-8.135,True
250,4.3401e-05,40.746,-37.050,-25.008,5.570,-8.342,True
250,4.7315e-05,40.875,-36.960,-24.919,5.566,-8.569,True
250,5.1582e-05,41.015,-36.863,-24.822,5.560,-8.818,True
250,5.6234e-05,41.165,-36.759,-24.718,5.554,-9.092,True
250,6.1306e-05,41.326,-36.647,-24.606,5.547,-9.393,True
250,6.6834e-05,41.499,-36.527,-24.486,5.540,-9.725,True
250,7.2862e-05,41.684,-36.398,-24.357,5.531,-10.090,True
250,7.9433e-05,41.882,-36.260,-24.219,5.521,-10.494,True
250,8.6596e-05,42.094,-36.112,-24.070,5.509,-10.942,True
250,9.4406e-05,42.320,-35.953,-23.912,5.496,-11.440,True
250,1.0292e-04,42.560,-35.783,-23.742,5.482,-11.995,True
250,1.1220e-04,42.816,-35.602,-23.561,5.466,-12.617,True
250,1.2232e-04,43.087,-35.409,-23.368,5.449,-13.283,True
250,1.3335e-04,43.375,-35.203,-23.162,5.429,-13.419,True
250,1.4538e-04,43.678,-34.984,-22.943,5.408,-13.553,True
250,1.5849e-04,43.998,-34.752,-22.711,5.384,-13.683,True
250,1.7278e-04,44.334,-34.506,-22.464,5.359,-13.806,True
250,1.8836e-04,44.687,-34.245,-22.204,5.331,-13.920,True
250,2.0535e-04,45.056,-33.969,-21.928,5.301,-14.021,True
250,2.2387e-04,45.441,-33.678,-21.637,5.270,-14.106,True
250,2.4406e-04,45.841,-33.372,-21.331,5.236,-14.170,True
250,2.6607e-04,46.256,-33.050,-21.009,5.200,-14.211,True
250,2.9007e-04,46.684,-32.713,-20.672,5.163,-14.223,True
250,3.1623e-04,47.126,-32.359,-20.318,5.123,-14.204,True
250,3.4475e-04,47.578,-31.990,-19.949,5.083,-14.148,True
250,3.7584e-04,48.041,-31.604,-19.563,5.041,-14.053,True
250,4.0973e-04,48.512,-31.203,-19.162,4.997,-13.916,True
250,4.4668e-04,48.990,-30.786,-18.744,4.953,-13.736,True
250,4.8697e-04,49.473,-30.353,-18.312,4.908,-13.510,True
250,5.3088e-04,49.959,-29.905,-17.864,4.863,-13.240,True
250,5.7876e-04,50.446,-29.442,-17.401,4.818,-12.925,True
250,6.3096e-04,50.933,-28.964,-16.923,4.773,-12.568,True
250,6.8786e-04,51.417,-28.473,-16.431,4.728,-12.172,True
250,7.4989e-04,51.896,-27.967,-15.926,4.683,-11.740,True
250,8.1752e-04,52.369,-27.449,-15.407,4.639,-11.275,True
250,8.9125e-04,52.833,-26.918,-14.877,4.596,-10.784,True
250,9.7163e-04,53.288,-26.375,-14.334,4.555,-10.270,True
250,1.0593e-03,53.732,-25.821,-13.780,4.514,-9.783,True
250,1.1548e-03,54.163,-25.257,-13.215,4.475,-9.342,True
250,1.2589e-03,54.580,-24.682,-12.641,4.437,-8.942,True
250,1.3725e-03,54.983,-24.099,-12.058,4.400,-8.579,True
250,1.4962e-03,55.371,-23.509,-11.467,4.365,-8.247,True
250,1.6312e-03,55.743,-22.911,-10.869,4.332,-7.945,True
250,1.7783e-03,56.098,-22.306,-10.265,4.300,-7.670,True
250,1.9387e-03,56.438,-21.697,-9.656,4.270,-7.419,True
250,2.1135e-03,56.761,-21.084,-9.043,4.242,-7.189,True
250,2.3041e-03,57.068,-20.468,-8.427,4.215,-6.980,True
250,2.5119e-03,57.359,-19.851,-7.809,4.190,-6.789,True
250,2.7384e-03,57.634,-19.233,-7.192,4.166,-6.614,True
250,2.9854e-03,57.894,-18.617,-6.575,4.143,-6.455,True
250,3.2546e-03,58.140,-18.003,-5.962,4.122,-6.310,True
250,3.5481e-03,58.371,-17.394,-5.353,4.103,-6.178,True
250,3.8681e-03,58.589,-16.792,-4.751,4.084,-6.058,True
250,4.2170e-03,58.795,-16.198,-4.156,4.067,-5.949,True
250,4.5973e-03,58.988,-15.614,-3.573,4.051,-5.850,True
250,5.0119e-03,59.170,-15.043,-3.001,4.037,-5.761,True
250,5.4639e-03,59.341,-14.486,-2.445,4.023,-5.680,True
250,5.9566e-03,59.503,-13.946,-1.905,4.010,-5.608,True
250,6.4938e-03,59.655,-13.426,-1.385,3.998,-5.543,True
250,7.0795e-03,59.799,-12.927,-0.886,3.987,-5.486,True
250,7.7179e-03,59.936,-12.451,-0.410,3.977,-5.435,True
250,8.4140e-03,60.066,-12.000,0.041,3.967,-5.391,True
250,9.1728e-03,60.189,-11.575,0.466,3.959,-5.352,True
250,1.0000e-02,60.308,-11.178,0.863,3.951,-5.320,True
250,1.0902e-02,60.421,-10.809,1.232,3.943,-5.293,True
250,1.1885e-02,60.531,-10.468,1.573,3.936,-5.271,True
250,1.2957e-02,60.637,-10.156,1.885,3.930,-5.255,True
250,1.4125e-02,60.740,-9.871,2.171,3.924,-5.243,True
250,1.5399e-02,60.842,-9.612,2.429,3.918,-5.237,True
250,1.6788e-02,60.942,-9.378,2.663,3.913,-5.235,True
250,1.8302e-02,61.042,-9.168,2.873,3.908,-5.238,True
250,1.9953e-02,61.141,-8.980,3.061,3.904,-5.247,True
250,2.1752e-02,61.242,-8.811,3.230,3.900,-5.260,True
250,2.3714e-02,61.343,-8.660,3.382,3.896,-5.278,True
250,2.5852e-02,61.447,-8.524,3.517,3.892,-5.301,True
250,2.8184e-02,61.553,-8.402,3.639,3.888,-5.330,True
250,3.0726e-02,61.663,-8.292,3.749,3.885,-5.365,True
250,3.3497e-02,61.777,-8.192,3.849,3.882,-5.405,True
250,3.6517e-02,61.896,-8.100,3.941,3.879,-5.451,True
250,3.9811e-02,62.021,-8.015,4.026,3.875,-5.504,True
250,4.3401e-02,62.153,-7.936,4.105,3.872,-5.564,True
250,4.7315e-02,62.292,-7.860,4.181,3.869,-5.630,True
250,5.1582e-02,62.439,-7.788,4.253,3.866,-5.705,True
250,5.6234e-02,62.596,-7.718,4.323,3.862,-5.788,True
250,6.1306e-02,62.763,-7.649,4.392,3.859,-5.880,True
250,6.6834e-02,62.942,-7.580,4.461,3.855,-5.981,True
250,7.2862e-02,63.133,-7.510,4.531,3.851,-6.093,True
250,7.9433e-02,63.338,-7.440,4.602,3.846,-6.216,True
250,8.6596e-02,63.558,-7.367,4.675,3.841,-6.351,True
250,9.4406e-02,63.794,-7.291,4.750,3.835,-6.499,True
250,1.0292e-01,64.047,-7.212,4.829,3.829,-6.661,True
250,1.1220e-01,64.319,-7.130,4.911,3.822,-6.839,True
250,1.2232e-01,64.612,-7.043,4.998,3.814,-7.033,True
250,1.3335e-01,64.927,-6.951,5.090,3.806,-7.246,True
250,1.4538e-01,65.265,-6.855,5.186,3.796,-7.478,True
250,1.5849e-01,65.628,-6.752,5.289,3.785,-7.733,True
250,1.7278e-01,66.018,-6.644,5.397,3.772,-8.011,True
250,1.8836e-01,66.437,-6.530,5.512,3.758,-8.315,True
250,2.0535e-01,66.885,-6.408,5.633,3.742,-8.648,True
250,2.2387e-01,67.366,-6.280,5.761,3.725,-9.013,True
250,2.4406e-01,67.881,-6.145,5.896,3.705,-9.414,True
250,2.6607e-01,68.431,-6.002,6.039,3.684,-9.853,True
250,2.9007e-01,69.018,-5.852,6.189,3.660,-10.338,True
250,3.1623e-01,69.645,-5.695,6.346,3.634,-10.872,True
250,3.4475e-01,70.312,-5.530,6.511,3.605,-11.463,True
250,3.7584e-01,71.022,-5.358,6.683,3.574,-12.119,True
250,4.0973e-01,71.776,-5.179,6.863,3.541,-12.852,True
250,4.4668e-01,72.575,-4.992,7.049,3.505,-13.675,True
250,4.8697e-01,73.420,-4.800,7.241,3.466,-14.607,True
250,5.3088e-01,74.313,-4.602,7.439,3.425,-15.672,True
250,5.7876e-01,75.254,-4.398,7.643,3.381,-16.908,True
250,6.3096e-01,76.243,-4.190,7.851,3.336,-18.368,True
250,6.8786e-01,77.282,-3.979,8.063,3.288,-20.142,True
250,7.4989e-01,78.370,-3.764,8.277,3.238,-22.385,True
250,8.1752e-01,79.506,-3.548,8.493,3.187,-25.421,True
250,8.9125e-01,80.691,-3.332,8.709,3.134,-30.112,True
250,9.7163e-01,81.922,-3.116,8.925,3.080,-40.910,True
250,1.0593e+00,83.199,-2.903,9.139,3.025,nan,True
250,1.1548e+00,84.520,-2.692,9.349,2.970,nan,True
250,1.2589e+00,85.882,-2.486,9.555,2.915,nan,True
250,1.3725e+00,87.283,-2.286,9.755,2.859,nan,True
250,1.4962e+00,88.720,-2.092,9.949,2.804,nan,True
250,1.6312e+00,90.190,-1.907,10.134,2.750,nan,True
250,1.7783e+00,91.688,-1.730,10.311,2.696,nan,True
250,1.9387e+00,93.212,-1.562,10.479,2.644,nan,True
250,2.1135e+00,94.757,-1.405,10.636,2.593,nan,True
250,2.3041e+00,96.318,-1.258,10.783,2.543,nan,True
250,2.5119e+00,97.891,-1.122,10.919,2.495,nan,True
250,2.7384e+00,99.472,-0.996,11.045,2.448,nan,True
250,2.9854e+00,101.054,-0.882,11.160,2.404,nan,True
250,3.2546e+00,102.635,-0.777,11.264,2.361,nan,True
250,3.5481e+00,104.209,-0.682,11.359,2.321,nan,True
250,3.8681e+00,105.771,-0.597,11.444,2.282,nan,True
250,4.2170e+00,107.317,-0.521,11.520,2.245,nan,True
250,4.5973e+00,108.842,-0.454,11.588,2.210,nan,True
250,5.0119e+00,110.343,-0.394,11.648,2.177,nan,True
250,5.4639e+00,111.816,-0.341,11.701,2.146,nan,True
250,5.9566e+00,113.258,-0.294,11.747,2.117,nan,True
250,6.4938e+00,114.664,-0.253,11.788,2.090,nan,True
250,7.0795e+00,116.033,-0.218,11.823,2.064,nan,True
250,7.7179e+00,117.362,-0.187,11.854,2.040,nan,True
250,8.4140e+00,118.648,-0.160,11.881,2.018,nan,True
250,9.1728e+00,119.890,-0.137,11.904,1.997,nan,True
250,1.0000e+01,121.087,-0.117,11.924,1.978,nan,True
500,1.0000e-08,24.028,-71.580,-59.539,7.824,-13.395,True
500,1.0902e-08,24.135,-71.265,-59.224,7.806,-13.406,True
500,1.1885e-08,24.244,-70.934,-58.893,7.788,-13.413,True
500,1.2957e-08,24.356,-70.587,-58.546,7.769,-13.416,True
500,1.4125e-08,24.469,-70.224,-58.183,7.749,-13.414,True
500,1.5399e-08,24.584,-69.845,-57.803,7.728,-13.408,True
500,1.6788e-08,24.699,-69.449,-57.408,7.706,-13.398,True
500,1.8302e-08,24.815,-69.038,-56.997,7.684,-13.383,True
500,1.9953e-08,24.931,-68.611,-56.570,7.661,-13.364,True
500,2.1752e-08,25.047,-68.168,-56.127,7.638,-13.341,True
500,2.3714e-08,25.161,-67.710,-55.669,7.615,-13.314,True
500,2.5852e-08,25.274,-67.237,-55.195,7.591,-13.283,True
500,2.8184e-08,25.386,-66.749,-54.707,7.567,-13.250,True
500,3.0726e-08,25.496,-66.246,-54.205,7.544,-13.214,True
500,3.3497e-08,25.603,-65.730,-53.689,7.521,-13.176,True
500,3.6517e-08,25.707,-65.201,-53.159,7.498,-13.136,True
500,3.9811e-08,25.809,-64.658,-52.617,7.475,-13.094,True
500,4.3401e-08,25.907,-64.104,-52.063,7.453,-13.052,True
500,4.7315e-08,26.002,-63.537,-51.496,7.432,-12.857,True
500,5.1582e-08,26.093,-62.960,-50.919,7.411,-12.412,True
500,5.6234e-08,26.180,-62.372,-50.331,7.391,-12.009,True
500,6.1306e-08,26.264,-61.775,-49.733,7.371,-11.642,True
500,6.6834e-08,26.344,-61.168,-49.127,7.353,-11.309,True
500,7.2862e-08,26.420,-60.552,-48.511,7.335,-11.005,True
500,7.9433e-08,26.492,-59.929,-47.888,7.318,-10.728,True
500,8.6596e-08,26.561,-59.299,-47.258,7.302,-10.475,True
500,9.4406e-08,26.626,-58.662,-46.621,7.287,-10.245,True
500,1.0292e-07,26.687,-58.020,-45.979,7.272,-10.034,True
500,1.1220e-07,26.745,-57.373,-45.332,7.259,-9.842,True
500,1.2232e-07,26.799,-56.721,-44.680,7.246,-9.666,True
500,1.3335e-07,26.850,-56.067,-44.026,7.234,-9.505,True
500,1.4538e-07,26.898,-55.410,-43.369,7.222,-9.359,True
500,1.5849e-07,26.943,-54.752,-42.711,7.212,-9.225,True
500,1.7278e-07,26.985,-54.093,-42.052,7.202,-9.103,True
500,1.8836e-07,27.024,-53.435,-41.394,7.193,-8.992,True
500,2.0535e-07,27.061,-52.779,-40.738,7.184,-8.890,True
500,2.2387e-07,27.096,-52.127,-40.086,7.176,-8.798,True
500,2.4406e-07,27.128,-51.479,-39.438,7.169,-8.714,True
500,2.6607e-07,27.158,-50.837,-38.796,7.162,-8.638,True
500,2.9007e-07,27.187,-50.204,-38.162,7.155,-8.570,True
500,3.1623e-07,27.213,-49.580,-37.538,7.149,-8.508,True
500,3.4475e-07,27.239,-48.967,-36.926,7.144,-8.452,True
500,3.7584e-07,27.262,-48.369,-36.327,7.138,-8.402,True
500,4.0973e-07,27.284,-47.786,-35.744,7.134,-8.358,True
500,4.4668e-07,27.305,-47.221,-35.180,7.129,-8.319,True
500,4.8697e-07,27.325,-46.676,-34.635,7.125,-8.284,True
500,5.3088e-07,27.344,-46.153,-34.112,7.122,-8.254,True
500,5.7876e-07,27.362,-45.655,-33.614,7.118,-8.229,True
500,6.3096e-07,27.379,-45.183,-33.142,7.115,-8.208,True
500,6.8786e-07,27.396,-44.738,-32.697,7.112,-8.191,True
500,7.4989e-07,27.412,-44.322,-32.280,7.109,-8.177,True
500,8.1752e-07,27.428,-43.935,-31.894,7.107,-8.168,True
500,8.9125e-07,27.444,-43.577,-31.536,7.104,-8.162,True
500,9.7163e-07,27.459,-43.249,-31.208,7.102,-8.160,True
500,1.0593e-06,27.474,-42.950,-30.909,7.100,-8.161,True
500,1.1548e-06,27.490,-42.679,-30.638,7.098,-8.167,True
500,1.2589e-06,27.505,-42.434,-30.393,7.097,-8.176,True
500,1.3725e-06,27.520,-42.214,-30.173,7.095,-8.188,True
500,1.4962e-06,27.536,-42.016,-29.975,7.094,-8.205,True
500,1.6312e-06,27.553,-41.840,-29.799,7.092,-8.226,True
500,1.7783e-06,27.570,-41.682,-29.641,7.091,-8.251,True
500,1.9387e-06,27.587,-41.541,-29.499,7.090,-8.280,True
500,2.1135e-06,27.606,-41.414,-29.373,7.089,-8.314,True
500,2.3041e-06,27.625,-41.300,-29.258,7.088,-8.352,True
500,2.5119e-06,27.645,-41.196,-29.155,7.086,-8.396,True
500,2.7384e-06,27.667,-41.102,-29.060,7.085,-8.445,True
500,2.9854e-06,27.690,-41.015,-28.973,7.084,-8.500,True
500,3.2546e-06,27.714,-40.933,-28.892,7.083,-8.561,True
500,3.5481e-06,27.740,-40.857,-28.816,7.082,-8.629,True
500,3.8681e-06,27.767,-40.783,-28.742,7.081,-8.705,True
500,4.2170e-06,27.797,-40.712,-28.671,7.080,-8.788,True
500,4.5973e-06,27.829,-40.642,-28.601,7.079,-8.879,True
500,5.0119e-06,27.863,-40.573,-28.532,7.078,-8.980,True
500,5.4639e-06,27.899,-40.503,-28.461,7.077,-9.091,True
500,5.9566e-06,27.938,-40.431,-28.390,7.075,-9.213,True
500,6.4938e-06,27.981,-40.357,-28.316,7.073,-9.346,True
500,7.0795e-06,28.026,-40.280,-28.239,7.072,-9.492,True
500,7.7179e-06,28.074,-40.200,-28.159,7.070,-9.653,True
500,8.4140e-06,28.126,-40.116,-28.074,7.067,-9.829,True
500,9.1728e-06,28.182,-40.026,-27.985,7.065,-10.022,True
500,1.0000e-05,28.242,-39.932,-27.891,7.062,-10.233,True
500,1.0902e-05,28.306,-39.831,-27.790,7.059,-10.465,True
500,1.1885e-05,28.374,-39.724,-27.682,7.055,-10.720,True
500,1.2957e-05,28.448,-39.609,-27.568,7.051,-11.000,True
500,1.4125e-05,28.526,-39.487,-27.445,7.046,-11.307,True
500,1.5399e-05,28.609,-39.356,-27.314,7.041,-11.646,True
500,1.6788e-05,28.698,-39.216,-27.175,7.035,-12.019,True
500,1.8302e-05,28.792,-39.066,-27.025,7.028,-12.431,True
500,1.9953e-05,28.892,-38.907,-26.865,7.020,-12.888,True
500,2.1752e-05,28.998,-38.736,-26.695,7.012,-13.088,True
500,2.3714e-05,29.109,-38.554,-26.513,7.002,-13.136,True
500,2.5852e-05,29.227,-38.361,-26.320,6.992,-13.184,True
500,2.8184e-05,29.351,-38.155,-26.113,6.980,-13.231,True
500,3.0726e-05,29.481,-37.936,-25.894,6.967,-13.277,True
500,3.3497e-05,29.617,-37.703,-25.662,6.953,-13.320,True
500,3.6517e-05,29.758,-37.457,-25.416,6.938,-13.360,True
500,3.9811e-05,29.906,-37.196,-25.155,6.922,-13.397,True
500,4.3401e-05,30.059,-36.921,-24.880,6.904,-13.430,True
500,4.7315e-05,30.217,-36.631,-24.589,6.885,-13.457,True
500,5.1582e-05,30.380,-36.325,-24.284,6.864,-13.479,True
500,5.6234e-05,30.547,-36.004,-23.962,6.842,-13.495,True
500,6.1306e-05,30.719,-35.667,-23.626,6.820,-13.504,True
500,6.6834e-05,30.893,-35.314,-23.273,6.796,-13.506,True
500,7.2862e-05,31.071,-34.945,-22.904,6.771,-13.501,True
500,7.9433e-05,31.251,-34.561,-22.520,6.745,-13.488,True
500,8.6596e-05,31.432,-34.161,-22.119,6.718,-13.467,True
500,9.4406e-05,31.615,-33.745,-21.704,6.691,-13.439,True
500,1.0292e-04,31.797,-33.313,-21.272,6.663,-13.403,True
500,1.1220e-04,31.979,-32.867,-20.826,6.635,-13.361,True
500,1.2232e-04,32.160,-32.406,-20.365,6.606,-13.312,True
500,1.3335e-04,32.339,-31.931,-19.889,6.578,-13.258,True
500,1.4538e-04,32.516,-31.441,-19.400,6.549,-13.198,True
500,1.5849e-04,32.690,-30.939,-18.898,6.521,-13.135,True
500,1.7278e-04,32.860,-30.423,-18.382,6.493,-13.068,True
500,1.8836e-04,33.026,-29.896,-17.855,6.466,-12.999,True
500,2.0535e-04,33.188,-29.357,-17.316,6.439,-12.928,True
500,2.2387e-04,33.345,-28.808,-16.767,6.413,-12.684,True
500,2.4406e-04,33.496,-28.249,-16.208,6.387,-12.210,True
500,2.6607e-04,33.642,-27.681,-15.640,6.363,-11.783,True
500,2.9007e-04,33.783,-27.106,-15.064,6.339,-11.395,True
500,3.1623e-04,33.918,-26.523,-14.482,6.316,-11.044,True
500,3.4475e-04,34.047,-25.935,-13.893,6.294,-10.726,True
500,3.7584e-04,34.170,-25.341,-13.300,6.274,-10.436,True
500,4.0973e-04,34.288,-24.745,-12.704,6.254,-10.174,True
500,4.4668e-04,34.400,-24.146,-12.105,6.235,-9.935,True
500,4.8697e-04,34.506,-23.547,-11.506,6.217,-9.718,True
500,5.3088e-04,34.607,-22.949,-10.907,6.201,-9.521,True
500,5.7876e-04,34.703,-22.353,-10.312,6.185,-9.343,True
500,6.3096e-04,34.794,-21.761,-9.720,6.170,-9.182,True
500,6.8786e-04,34.880,-21.176,-9.135,6.156,-9.036,True
500,7.4989e-04,34.962,-20.599,-8.558,6.143,-8.905,True
500,8.1752e-04,35.039,-20.032,-7.991,6.131,-8.787,True
500,8.9125e-04,35.113,-19.477,-7.436,6.119,-8.681,True
500,9.7163e-04,35.183,-18.937,-6.896,6.108,-8.588,True
500,1.0593e-03,35.250,-18.414,-6.373,6.098,-8.505,True
500,1.1548e-03,35.313,-17.910,-5.868,6.089,-8.432,True
500,1.2589e-03,35.374,-17.426,-5.385,6.081,-8.369,True
500,1.3725e-03,35.433,-16.965,-4.924,6.072,-8.316,True
500,1.4962e-03,35.490,-16.528,-4.487,6.065,-8.271,True
500,1.6312e-03,35.545,-16.117,-4.076,6.058,-8.235,True
500,1.7783e-03,35.598,-15.731,-3.690,6.052,-8.207,True
500,1.9387e-03,35.650,-15.373,-3.332,6.046,-8.187,True
500,2.1135e-03,35.702,-15.041,-2.999,6.040,-8.175,True
500,2.3041e-03,35.752,-14.735,-2.693,6.035,-8.171,True
500,2.5119e-03,35.803,-14.454,-2.413,6.030,-8.174,True
500,2.7384e-03,35.854,-14.197,-2.156,6.025,-8.186,True
500,2.9854e-03,35.905,-13.963,-1.922,6.021,-8.205,True
500,3.2546e-03,35.957,-13.750,-1.709,6.017,-8.232,True
500,3.5481e-03,36.010,-13.556,-1.515,6.013,-8.267,True
500,3.8681e-03,36.065,-13.379,-1.338,6.010,-8.311,True
500,4.2170e-03,36.121,-13.216,-1.175,6.006,-8.364,True
500,4.5973e-03,36.179,-13.067,-1.026,6.003,-8.425,True
500,5.0119e-03,36.240,-12.929,-0.887,5.999,-8.497,True
500,5.4639e-03,36.303,-12.799,-0.758,5.996,-8.578,True
500,5.9566e-03,36.370,-12.677,-0.636,5.993,-8.671,True
500,6.4938e-03,36.440,-12.561,-0.520,5.990,-8.775,True
500,7.0795e-03,36.514,-12.448,-0.407,5.986,-8.891,True
500,7.7179e-03,36.592,-12.339,-0.297,5.983,-9.020,True
500,8.4140e-03,36.675,-12.230,-0.189,5.979,-9.164,True
500,9.1728e-03,36.763,-12.122,-0.080,5.975,-9.323,True
500,1.0000e-02,36.857,-12.012,0.029,5.971,-9.498,True
500,1.0902e-02,36.956,-11.900,0.141,5.966,-9.692,True
500,1.1885e-02,37.062,-11.786,0.256,5.962,-9.905,True
500,1.2957e-02,37.175,-11.667,0.374,5.956,-10.139,True
500,1.4125e-02,37.295,-11.543,0.498,5.950,-10.397,True
500,1.5399e-02,37.422,-11.414,0.628,5.944,-10.681,True
500,1.6788e-02,37.557,-11.278,0.763,5.936,-10.992,True
500,1.8302e-02,37.701,-11.135,0.906,5.928,-11.336,True
500,1.9953e-02,37.853,-10.984,1.057,5.919,-11.713,True
500,2.1752e-02,38.014,-10.825,1.216,5.909,-12.130,True
500,2.3714e-02,38.184,-10.657,1.384,5.898,-12.590,True
500,2.5852e-02,38.364,-10.480,1.561,5.886,-12.971,True
500,2.8184e-02,38.553,-10.293,1.748,5.873,-13.055,True
500,3.0726e-02,38.752,-10.096,1.945,5.858,-13.139,True
500,3.3497e-02,38.960,-9.889,2.153,5.842,-13.221,True
500,3.6517e-02,39.178,-9.670,2.371,5.825,-13.302,True
500,3.9811e-02,39.406,-9.441,2.600,5.806,-13.379,True
500,4.3401e-02,39.643,-9.201,2.840,5.786,-13.452,True
500,4.7315e-02,39.889,-8.951,3.090,5.764,-13.518,True
500,5.1582e-02,40.144,-8.689,3.352,5.741,-13.578,True
500,5.6234e-02,40.406,-8.417,3.624,5.716,-13.629,True
500,6.1306e-02,40.676,-8.135,3.906,5.690,-13.669,True
500,6.6834e-02,40.953,-7.844,4.197,5.663,-13.699,True
500,7.2862e-02,41.236,-7.544,4.498,5.635,-13.715,True
500,7.9433e-02,41.525,-7.235,4.806,5.606,-13.718,True
500,8.6596e-02,41.817,-6.920,5.121,5.575,-13.707,True
500,9.4406e-02,42.113,-6.599,5.443,5.544,-13.680,True
500,1.0292e-01,42.411,-6.273,5.769,5.513,-13.638,True
500,1.1220e-01,42.711,-5.943,6.098,5.481,-13.580,True
500,1.2232e-01,43.011,-5.612,6.429,5.449,-13.507,True
500,1.3335e-01,43.310,-5.281,6.760,5.416,-13.419,True
500,1.4538e-01,43.608,-4.951,7.090,5.384,-13.318,True
500,1.5849e-01,43.904,-4.625,7.416,5.352,-13.203,True
500,1.7278e-01,44.196,-4.304,7.737,5.320,-13.077,True
500,1.8836e-01,44.484,-3.990,8.051,5.289,-12.941,True
500,2.0535e-01,44.767,-3.685,8.356,5.258,-12.797,True
500,2.2387e-01,45.045,-3.391,8.650,5.229,-12.647,True
500,2.4406e-01,45.318,-3.108,8.933,5.200,-12.492,True
500,2.6607e-01,45.584,-2.839,9.202,5.172,-12.335,True
500,2.9007e-01,45.844,-2.585,9.457,5.145,-12.176,True
500,3.1623e-01,46.097,-2.345,9.696,5.118,-12.018,True
500,3.4475e-01,46.344,-2.122,9.919,5.094,-11.862,True
500,3.7584e-01,46.584,-1.915,10.126,5.070,-11.710,True
500,4.0973e-01,46.817,-1.724,10.317,5.047,-11.563,True
500,4.4668e-01,47.045,-1.549,10.492,5.025,-11.422,True
500,4.8697e-01,47.266,-1.390,10.651,5.005,-11.288,True
500,5.3088e-01,47.482,-1.246,10.795,4.985,-11.162,True
500,5.7876e-01,47.693,-1.116,10.925,4.966,-11.045,True
500,6.3096e-01,47.899,-0.999,11.042,4.949,-10.937,True
500,6.8786e-01,48.100,-0.895,11.147,4.932,-10.838,True
500,7.4989e-01,48.298,-0.801,11.240,4.916,-10.749,True
500,8.1752e-01,48.493,-0.718,11.323,4.901,-10.671,True
500,8.9125e-01,48.684,-0.645,11.397,4.887,-10.602,True
500,9.7163e-01,48.873,-0.579,11.462,4.874,-10.544,True
500,1.0593e+00,49.061,-0.521,11.520,4.861,-10.497,True
500,1.1548e+00,49.246,-0.469,11.572,4.848,-10.463,True
500,1.2589e+00,49.431,-0.423,11.618,4.837,-10.443,True
500,1.3725e+00,49.615,-0.382,11.659,4.826,-10.435,True
500,1.4962e+00,49.799,-0.345,11.696,4.815,-10.439,True
500,1.6312e+00,49.983,-0.313,11.729,4.804,-10.454,True
500,1.7783e+00,50.167,-0.283,11.758,4.794,-10.479,True
500,1.9387e+00,50.351,-0.257,11.785,4.784,-10.514,True
500,2.1135e+00,50.535,-0.233,11.809,4.775,-10.559,True
500,2.3041e+00,50.720,-0.211,11.830,4.765,-10.612,True
500,2.5119e+00,50.905,-0.191,11.850,4.756,-10.673,True
500,2.7384e+00,51.090,-0.173,11.868,4.747,-10.742,True
500,2.9854e+00,51.276,-0.157,11.885,4.738,-10.818,True
500,3.2546e+00,51.461,-0.142,11.900,4.729,-10.900,True
500,3.5481e+00,51.646,-0.128,11.913,4.720,-10.987,True
500,3.8681e+00,51.830,-0.115,11.926,4.711,-11.080,True
500,4.2170e+00,52.012,-0.104,11.938,4.702,-11.176,True
500,4.5973e+00,52.194,-0.093,11.948,4.693,-11.277,True
500,5.0119e+00,52.373,-0.083,11.958,4.684,-11.380,True
500,5.4639e+00,52.550,-0.074,11.967,4.676,-11.486,True
500,5.9566e+00,52.724,-0.066,11.975,4.667,-11.594,True
500,6.4938e+00,52.895,-0.059,11.982,4.659,-11.703,True
500,7.0795e+00,53.062,-0.052,11.989,4.650,-11.812,True
500,7.7179e+00,53.225,-0.046,11.995,4.642,-11.922,True
500,8.4140e+00,53.384,-0.041,12.000,4.634,-12.030,True
500,9.1728e+00,53.538,-0.036,12.005,4.626,-12.138,True
500,1.0000e+01,53.687,-0.032,12.010,4.619,-12.244,True
750,1.0000e-08,20.318,-67.967,-55.925,8.456,-13.098,True
750,1.0902e-08,20.369,-67.382,-55.341,8.440,-13.075,True
750,1.1885e-08,20.419,-66.787,-54.746,8.425,-13.052,True
750,1.2957e-08,20.465,-66.184,-54.143,8.411,-12.778,True
750,1.4125e-08,20.510,-65.572,-53.531,8.397,-12.462,True
750,1.5399e-08,20.552,-64.952,-52.911,8.384,-12.174,True
750,1.6788e-08,20.593,-64.325,-52.284,8.371,-11.912,True
750,1.8302e-08,20.631,-63.692,-51.651,8.359,-11.673,True
750,1.9953e-08,20.666,-63.054,-51.013,8.348,-11.455,True
750,2.1752e-08,20.700,-62.411,-50.370,8.337,-11.256,True
750,2.3714e-08,20.732,-61.764,-49.723,8.327,-11.074,True
750,2.5852e-08,20.762,-61.115,-49.074,8.317,-10.909,True
750,2.8184e-08,20.790,-60.464,-48.423,8.308,-10.758,True
750,3.0726e-08,20.816,-59.812,-47.771,8.300,-10.620,True
750,3.3497e-08,20.841,-59.160,-47.119,8.292,-10.495,True
750,3.6517e-08,20.864,-58.511,-46.469,8.285,-10.381,True
750,3.9811e-08,20.886,-57.864,-45.822,8.278,-10.277,True
750,4.3401e-08,20.907,-57.221,-45.180,8.272,-10.183,True
750,4.7315e-08,20.926,-56.585,-44.544,8.266,-10.098,True
750,5.1582e-08,20.944,-55.956,-43.915,8.260,-10.021,True
750,5.6234e-08,20.961,-55.337,-43.296,8.255,-9.952,True
750,6.1306e-08,20.977,-54.729,-42.688,8.250,-9.890,True
750,6.6834e-08,20.992,-54.135,-42.094,8.246,-9.835,True
750,7.2862e-08,21.006,-53.557,-41.515,8.242,-9.786,True
750,7.9433e-08,21.019,-52.996,-40.955,8.238,-9.743,True
750,8.6596e-08,21.032,-52.455,-40.414,8.235,-9.705,True
750,9.4406e-08,21.045,-51.936,-39.895,8.231,-9.673,True
750,1.0292e-07,21.056,-51.442,-39.400,8.228,-9.646,True
750,1.1220e-07,21.068,-50.973,-38.931,8.226,-9.624,True
750,1.2232e-07,21.079,-50.531,-38.490,8.223,-9.606,True
750,1.3335e-07,21.089,-50.117,-38.076,8.221,-9.593,True
750,1.4538e-07,21.100,-49.732,-37.691,8.219,-9.585,True
750,1.5849e-07,21.110,-49.377,-37.335,8.217,-9.580,True
750,1.7278e-07,21.121,-49.050,-37.009,8.215,-9.580,True
750,1.8836e-07,21.131,-48.751,-36.710,8.213,-9.585,True
750,2.0535e-07,21.141,-48.480,-36.439,8.211,-9.594,True
750,2.2387e-07,21.152,-48.235,-36.193,8.210,-9.607,True
750,2.4406e-07,21.162,-48.013,-35.972,8.208,-9.625,True
750,2.6607e-07,21.173,-47.814,-35.773,8.207,-9.648,True
750,2.9007e-07,21.185,-47.635,-35.594,8.206,-9.675,True
750,3.1623e-07,21.197,-47.474,-35.433,8.205,-9.708,True
750,3.4475e-07,21.209,-47.329,-35.288,8.204,-9.746,True
750,3.7584e-07,21.222,-47.198,-35.157,8.203,-9.790,True
750,4.0973e-07,21.235,-47.079,-35.037,8.202,-9.839,True
750,4.4668e-07,21.250,-46.969,-34.928,8.201,-9.895,True
750,4.8697e-07,21.265,-46.868,-34.827,8.200,-9.957,True
750,5.3088e-07,21.281,-46.774,-34.733,8.199,-10.027,True
750,5.7876e-07,21.298,-46.685,-34.644,8.198,-10.105,True
750,6.3096e-07,21.316,-46.600,-34.559,8.197,-10.191,True
750,6.8786e-07,21.336,-46.517,-34.476,8.196,-10.286,True
750,7.4989e-07,21.356,-46.436,-34.395,8.195,-10.390,True
750,8.1752e-07,21.379,-46.355,-34.314,8.194,-10.506,True
750,8.9125e-07,21.402,-46.273,-34.232,8.192,-10.633,True
750,9.7163e-07,21.428,-46.190,-34.149,8.191,-10.772,True
750,1.0593e-06,21.455,-46.105,-34.064,8.190,-10.925,True
750,1.1548e-06,21.484,-46.016,-33.975,8.188,-11.093,True
750,1.2589e-06,21.516,-45.923,-33.882,8.186,-11.277,True
750,1.3725e-06,21.549,-45.826,-33.785,8.184,-11.479,True
750,1.4962e-06,21.585,-45.723,-33.682,8.182,-11.701,True
750,1.6312e-06,21.623,-45.614,-33.573,8.179,-11.944,True
750,1.7783e-06,21.664,-45.499,-33.457,8.176,-12.211,True
750,1.9387e-06,21.707,-45.376,-33.335,8.173,-12.504,True
750,2.1135e-06,21.753,-45.245,-33.204,8.169,-12.827,True
750,2.3041e-06,21.802,-45.105,-33.064,8.165,-13.057,True
750,2.5119e-06,21.854,-44.956,-32.915,8.160,-13.080,True
750,2.7384e-06,21.908,-44.797,-32.756,8.155,-13.105,True
750,2.9854e-06,21.966,-44.628,-32.587,8.149,-13.129,True
750,3.2546e-06,22.027,-44.447,-32.406,8.143,-13.153,True
750,3.5481e-06,22.091,-44.255,-32.214,8.136,-13.177,True
750,3.8681e-06,22.159,-44.051,-32.010,8.128,-13.200,True
750,4.2170e-06,22.229,-43.834,-31.793,8.119,-13.223,True
750,4.5973e-06,22.302,-43.604,-31.562,8.109,-13.244,True
750,5.0119e-06,22.379,-43.359,-31.318,8.099,-13.264,True
750,5.4639e-06,22.458,-43.101,-31.060,8.087,-13.282,True
750,5.9566e-06,22.540,-42.828,-30.787,8.075,-13.298,True
750,6.4938e-06,22.624,-42.540,-30.499,8.061,-13.312,True
750,7.0795e-06,22.711,-42.237,-30.196,8.047,-13.324,True
750,7.7179e-06,22.800,-41.919,-29.878,8.032,-13.332,True
750,8.4140e-06,22.890,-41.585,-29.543,8.016,-13.338,True
750,9.1728e-06,22.982,-41.235,-29.193,7.999,-13.341,True
750,1.0000e-05,23.075,-40.869,-28.828,7.982,-13.340,True
750,1.0902e-05,23.170,-40.487,-28.446,7.963,-13.336,True
750,1.1885e-05,23.264,-40.090,-28.048,7.945,-13.329,True
750,1.2957e-05,23.359,-39.676,-27.635,7.925,-13.318,True
750,1.4125e-05,23.454,-39.248,-27.207,7.905,-13.305,True
750,1.5399e-05,23.548,-38.804,-26.763,7.885,-13.288,True
750,1.6788e-05,23.641,-38.346,-26.304,7.865,-13.269,True
750,1.8302e-05,23.733,-37.873,-25.832,7.844,-13.247,True
750,1.9953e-05,23.823,-37.386,-25.345,7.824,-13.223,True
750,2.1752e-05,23.912,-36.886,-24.844,7.804,-13.197,True
750,2.3714e-05,23.999,-36.373,-24.331,7.783,-13.170,True
750,2.5852e-05,24.083,-35.847,-23.806,7.763,-13.141,True
750,2.8184e-05,24.165,-35.310,-23.269,7.744,-13.111,True
750,3.0726e-05,24.245,-34.763,-22.722,7.725,-13.081,True
750,3.3497e-05,24.321,-34.206,-22.164,7.706,-13.050,True
750,3.6517e-05,24.395,-33.639,-21.598,7.688,-13.020,True
750,3.9811e-05,24.466,-33.065,-21.023,7.671,-12.989,True
750,4.3401e-05,24.534,-32.483,-20.442,7.654,-12.850,True
750,4.7315e-05,24.599,-31.895,-19.854,7.638,-12.517,True
750,5.1582e-05,24.661,-31.303,-19.261,7.623,-12.216,True
750,5.6234e-05,24.720,-30.706,-18.665,7.608,-11.943,True
750,6.1306e-05,24.776,-30.108,-18.066,7.594,-11.695,True
750,6.6834e-05,24.829,-29.508,-17.467,7.581,-11.471,True
750,7.2862e-05,24.880,-28.909,-16.868,7.569,-11.267,True
750,7.9433e-05,24.928,-28.312,-16.270,7.557,-11.083,True
750,8.6596e-05,24.974,-27.718,-15.677,7.546,-10.917,True
750,9.4406e-05,25.017,-27.131,-15.090,7.536,-10.767,True
750,1.0292e-04,25.058,-26.551,-14.510,7.526,-10.633,True
750,1.1220e-04,25.097,-25.981,-13.940,7.517,-10.512,True
750,1.2232e-04,25.134,-25.422,-13.381,7.508,-10.405,True
750,1.3335e-04,25.170,-24.878,-12.837,7.500,-10.310,True
750,1.4538e-04,25.204,-24.350,-12.308,7.493,-10.227,True
750,1.5849e-04,25.236,-23.839,-11.798,7.486,-10.155,True
750,1.7278e-04,25.267,-23.349,-11.308,7.479,-10.093,True
750,1.8836e-04,25.297,-22.881,-10.840,7.473,-10.041,True
750,2.0535e-04,25.327,-22.436,-10.395,7.467,-9.998,True
750,2.2387e-04,25.355,-22.017,-9.975,7.462,-9.965,True
750,2.4406e-04,25.383,-21.622,-9.581,7.457,-9.941,True
750,2.6607e-04,25.410,-21.254,-9.213,7.453,-9.925,True
750,2.9007e-04,25.437,-20.912,-8.871,7.449,-9.918,True
750,3.1623e-04,25.464,-20.596,-8.555,7.445,-9.919,True
750,3.4475e-04,25.491,-20.305,-8.264,7.441,-9.929,True
750,3.7584e-04,25.518,-20.038,-7.997,7.437,-9.948,True
750,4.0973e-04,25.546,-19.793,-7.752,7.434,-9.976,True
750,4.4668e-04,25.574,-19.569,-7.528,7.431,-10.012,True
750,4.8697e-04,25.603,-19.364,-7.323,7.428,-10.058,True
750,5.3088e-04,25.633,-19.175,-7.134,7.425,-10.113,True
750,5.7876e-04,25.663,-19.002,-6.961,7.423,-10.178,True
750,6.3096e-04,25.695,-18.841,-6.800,7.420,-10.254,True
750,6.8786e-04,25.729,-18.691,-6.649,7.417,-10.341,True
750,7.4989e-04,25.764,-18.549,-6.508,7.415,-10.440,True
750,8.1752e-04,25.800,-18.415,-6.373,7.412,-10.551,True
750,8.9125e-04,25.839,-18.285,-6.244,7.410,-10.676,True
750,9.7163e-04,25.880,-18.159,-6.118,7.407,-10.815,True
750,1.0593e-03,25.923,-18.036,-5.994,7.404,-10.970,True
750,1.1548e-03,25.969,-17.913,-5.871,7.401,-11.141,True
750,1.2589e-03,26.017,-17.789,-5.747,7.398,-11.330,True
750,1.3725e-03,26.069,-17.663,-5.622,7.395,-11.540,True
750,1.4962e-03,26.123,-17.534,-5.493,7.391,-11.770,True
750,1.6312e-03,26.181,-17.401,-5.360,7.387,-12.025,True
750,1.7783e-03,26.242,-17.263,-5.222,7.383,-12.305,True
750,1.9387e-03,26.307,-17.119,-5.078,7.378,-12.613,True
750,2.1135e-03,26.375,-16.968,-4.927,7.373,-12.953,True
750,2.3041e-03,26.448,-16.809,-4.768,7.367,-12.992,True
750,2.5119e-03,26.524,-16.642,-4.600,7.361,-13.024,True
750,2.7384e-03,26.605,-16.465,-4.424,7.353,-13.055,True
750,2.9854e-03,26.689,-16.279,-4.237,7.346,-13.087,True
750,3.2546e-03,26.778,-16.082,-4.040,7.337,-13.118,True
750,3.5481e-03,26.871,-15.874,-3.832,7.327,-13.149,True
750,3.8681e-03,26.968,-15.654,-3.613,7.317,-13.179,True
750,4.2170e-03,27.069,-15.422,-3.381,7.306,-13.208,True
750,4.5973e-03,27.174,-15.177,-3.136,7.294,-13.235,True
750,5.0119e-03,27.283,-14.920,-2.879,7.280,-13.259,True
750,5.4639e-03,27.395,-14.650,-2.608,7.266,-13.282,True
750,5.9566e-03,27.511,-14.366,-2.325,7.251,-13.301,True
750,6.4938e-03,27.630,-14.068,-2.027,7.235,-13.317,True
750,7.0795e-03,27.752,-13.758,-1.716,7.218,-13.329,True
750,7.7179e-03,27.876,-13.433,-1.392,7.200,-13.338,True
750,8.4140e-03,28.003,-13.096,-1.055,7.181,-13.343,True
750,9.1728e-03,28.131,-12.746,-0.704,7.161,-13.343,True
750,1.0000e-02,28.260,-12.383,-0.341,7.141,-13.340,True
750,1.0902e-02,28.390,-12.008,0.033,7.120,-13.332,True
750,1.1885e-02,28.520,-11.622,0.420,7.098,-13.319,True
750,1.2957e-02,28.651,-11.225,0.816,7.076,-13.303,True
750,1.4125e-02,28.781,-10.819,1.223,7.054,-13.283,True
750,1.5399e-02,28.910,-10.404,1.637,7.032,-13.260,True
750,1.6788e-02,29.037,-9.982,2.059,7.010,-13.234,True
750,1.8302e-02,29.163,-9.554,2.487,6.987,-13.204,True
750,1.9953e-02,29.287,-9.121,2.920,6.965,-13.173,True
750,2.1752e-02,29.408,-8.686,3.355,6.944,-13.140,True
750,2.3714e-02,29.527,-8.251,3.791,6.922,-13.105,True
750,2.5852e-02,29.643,-7.816,4.226,6.901,-13.069,True
750,2.8184e-02,29.756,-7.384,4.657,6.881,-13.033,True
750,3.0726e-02,29.866,-6.957,5.084,6.861,-12.997,True
750,3.3497e-02,29.972,-6.538,5.504,6.841,-12.962,True
750,3.6517e-02,30.076,-6.127,5.914,6.823,-12.927,True
750,3.9811e-02,30.176,-5.729,6.312,6.805,-12.893,True
750,4.3401e-02,30.273,-5.344,6.698,6.788,-12.860,True
750,4.7315e-02,30.367,-4.974,7.068,6.771,-12.829,True
750,5.1582e-02,30.458,-4.621,7.421,6.756,-12.800,True
750,5.6234e-02,30.546,-4.286,7.755,6.741,-12.773,True
750,6.1306e-02,30.631,-3.971,8.071,6.727,-12.626,True
750,6.6834e-02,30.715,-3.675,8.366,6.714,-12.457,True
750,7.2862e-02,30.796,-3.401,8.641,6.701,-12.310,True
750,7.9433e-02,30.875,-3.146,8.895,6.689,-12.186,True
750,8.6596e-02,30.952,-2.912,9.129,6.678,-12.082,True
750,9.4406e-02,31.028,-2.698,9.344,6.667,-11.998,True
750,1.0292e-01,31.103,-2.502,9.539,6.657,-11.933,True
750,1.1220e-01,31.177,-2.324,9.717,6.647,-11.886,True
750,1.2232e-01,31.251,-2.162,9.879,6.638,-11.857,True
750,1.3335e-01,31.324,-2.016,10.025,6.629,-11.845,True
750,1.4538e-01,31.398,-1.883,10.158,6.621,-11.850,True
750,1.5849e-01,31.471,-1.763,10.279,6.613,-11.871,True
750,1.7278e-01,31.546,-1.653,10.388,6.605,-11.909,True
750,1.8836e-01,31.621,-1.553,10.488,6.598,-11.963,True
750,2.0535e-01,31.697,-1.462,10.579,6.590,-12.034,True
750,2.2387e-01,31.775,-1.378,10.663,6.583,-12.122,True
750,2.4406e-01,31.855,-1.300,10.741,6.576,-12.226,True
750,2.6607e-01,31.936,-1.228,10.813,6.569,-12.348,True
750,2.9007e-01,32.020,-1.160,10.881,6.562,-12.486,True
750,3.1623e-01,32.105,-1.096,10.945,6.555,-12.643,True
750,3.4475e-01,32.193,-1.036,11.005,6.548,-12.768,True
750,3.7584e-01,32.284,-0.978,11.063,6.541,-12.791,True
750,4.0973e-01,32.377,-0.922,11.119,6.533,-12.815,True
750,4.4668e-01,32.472,-0.869,11.172,6.525,-12.841,True
750,4.8697e-01,32.570,-0.817,11.224,6.517,-12.867,True
750,5.3088e-01,32.671,-0.768,11.274,6.508,-12.894,True
750,5.7876e-01,32.774,-0.719,11.322,6.499,-12.921,True
750,6.3096e-01,32.879,-0.672,11.369,6.490,-12.948,True
750,6.8786e-01,32.987,-0.627,11.415,6.480,-12.975,True
750,7.4989e-01,33.096,-0.582,11.459,6.470,-13.001,True
750,8.1752e-01,33.207,-0.540,11.501,6.460,-13.026,True
750,8.9125e-01,33.320,-0.499,11.542,6.449,-13.050,True
750,9.7163e-01,33.434,-0.459,11.582,6.438,-13.073,True
750,1.0593e+00,33.549,-0.422,11.619,6.426,-13.095,True
750,1.1548e+00,33.664,-0.386,11.655,6.414,-13.115,True
750,1.2589e+00,33.779,-0.352,11.690,6.402,-13.134,True
750,1.3725e+00,33.895,-0.319,11.722,6.389,-13.150,True
750,1.4962e+00,34.009,-0.289,11.752,6.377,-13.165,True
750,1.6312e+00,34.123,-0.261,11.780,6.364,-13.178,True
750,1.7783e+00,34.236,-0.234,11.807,6.351,-13.189,True
750,1.9387e+00,34.347,-0.210,11.831,6.338,-13.198,True
750,2.1135e+00,34.456,-0.188,11.854,6.325,-13.206,True
750,2.3041e+00,34.563,-0.167,11.874,6.313,-13.212,True
750,2.5119e+00,34.667,-0.148,11.893,6.300,-13.216,True
750,2.7384e+00,34.768,-0.131,11.910,6.288,-13.219,True
750,2.9854e+00,34.867,-0.115,11.926,6.276,-13.220,True
750,3.2546e+00,34.963,-0.101,11.940,6.264,-13.221,True
750,3.5481e+00,35.055,-0.089,11.952,6.252,-13.221,True
750,3.8681e+00,35.144,-0.078,11.963,6.241,-13.219,True
750,4.2170e+00,35.229,-0.068,11.973,6.231,-13.218,True
750,4.5973e+00,35.310,-0.059,11.982,6.220,-13.215,True
750,5.0119e+00,35.389,-0.051,11.990,6.210,-13.212,True
750,5.4639e+00,35.463,-0.044,11.997,6.201,-13.209,True
750,5.9566e+00,35.534,-0.038,12.003,6.192,-13.206,True
750,6.4938e+00,35.601,-0.033,12.008,6.183,-13.203,True
750,7.0795e+00,35.665,-0.028,12.013,6.175,-13.199,True
750,7.7179e+00,35.725,-0.024,12.017,6.168,-13.196,True
750,8.4140e+00,35.782,-0.021,12.020,6.160,-13.192,True
750,9.1728e+00,35.836,-0.018,12.023,6.154,-13.189,True
750,1.0000e+01,35.886,-0.015,12.026,6.147,-13.186,True
1000,1.0000e-08,17.147,-59.343,-47.301,9.102,-10.613,True
1000,1.0902e-08,17.154,-58.865,-46.824,9.100,-10.593,True
1000,1.1885e-08,17.160,-58.415,-46.374,9.098,-10.577,True
1000,1.2957e-08,17.167,-57.993,-45.951,9.097,-10.565,True
1000,1.4125e-08,17.173,-57.600,-45.558,9.095,-10.558,True
1000,1.5399e-08,17.179,-57.236,-45.195,9.094,-10.554,True
1000,1.6788e-08,17.185,-56.901,-44.860,9.092,-10.554,True
1000,1.8302e-08,17.191,-56.596,-44.555,9.091,-10.559,True
1000,1.9953e-08,17.197,-56.318,-44.276,9.090,-10.568,True
1000,2.1752e-08,17.204,-56.066,-44.025,9.089,-10.580,True
1000,2.3714e-08,17.210,-55.839,-43.798,9.088,-10.597,True
1000,2.5852e-08,17.217,-55.635,-43.594,9.087,-10.619,True
1000,2.8184e-08,17.223,-55.451,-43.410,9.086,-10.644,True
1000,3.0726e-08,17.230,-55.287,-43.246,9.085,-10.675,True
1000,3.3497e-08,17.238,-55.139,-43.098,9.084,-10.711,True
1000,3.6517e-08,17.246,-55.005,-42.964,9.083,-10.751,True
1000,3.9811e-08,17.254,-54.884,-42.843,9.083,-10.798,True
1000,4.3401e-08,17.262,-54.774,-42.733,9.082,-10.850,True
1000,4.7315e-08,17.271,-54.672,-42.631,9.081,-10.908,True
1000,5.1582e-08,17.281,-54.578,-42.537,9.080,-10.973,True
1000,5.6234e-08,17.291,-54.489,-42.448,9.080,-11.046,True
1000,6.1306e-08,17.302,-54.405,-42.363,9.079,-11.126,True
1000,6.6834e-08,17.314,-54.323,-42.282,9.078,-11.214,True
1000,7.2862e-08,17.327,-54.243,-42.202,9.078,-11.312,True
1000,7.9433e-08,17.340,-54.164,-42.123,9.077,-11.419,True
1000,8.6596e-08,17.354,-54.085,-42.044,9.076,-11.537,True
1000,9.4406e-08,17.370,-54.005,-41.963,9.075,-11.667,True
1000,1.0292e-07,17.386,-53.922,-41.881,9.074,-11.809,True
1000,1.1220e-07,17.404,-53.837,-41.796,9.073,-11.965,True
1000,1.2232e-07,17.423,-53.748,-41.707,9.072,-12.136,True
1000,1.3335e-07,17.443,-53.655,-41.613,9.070,-12.324,True
1000,1.4538e-07,17.465,-53.556,-41.515,9.069,-12.530,True
1000,1.5849e-07,17.488,-53.452,-41.411,9.067,-12.755,True
1000,1.7278e-07,17.512,-53.342,-41.301,9.065,-13.003,True
1000,1.8836e-07,17.538,-53.225,-41.184,9.063,-13.076,True
1000,2.0535e-07,17.566,-53.100,-41.059,9.060,-13.089,True
1000,2.2387e-07,17.596,-52.966,-40.925,9.057,-13.103,True
1000,2.4406e-07,17.627,-52.824,-40.783,9.054,-13.117,True
1000,2.6607e-07,17.660,-52.673,-40.631,9.050,-13.131,True
1000,2.9007e-07,17.695,-52.511,-40.470,9.046,-13.145,True
1000,3.1623e-07,17.732,-52.338,-40.297,9.041,-13.160,True
1000,3.4475e-07,17.771,-52.154,-40.113,9.036,-13.174,True
1000,3.7584e-07,17.812,-51.959,-39.917,9.031,-13.188,True
1000,4.0973e-07,17.854,-51.751,-39.709,9.024,-13.201,True
1000,4.4668e-07,17.899,-51.529,-39.488,9.018,-13.214,True
1000,4.8697e-07,17.945,-51.295,-39.254,9.010,-13.226,True
1000,5.3088e-07,17.993,-51.046,-39.005,9.002,-13.238,True
1000,5.7876e-07,18.042,-50.784,-38.742,8.993,-13.248,True
1000,6.3096e-07,18.093,-50.506,-38.465,8.983,-13.257,True
1000,6.8786e-07,18.146,-50.214,-38.172,8.973,-13.265,True
1000,7.4989e-07,18.200,-49.906,-37.864,8.962,-13.271,True
1000,8.1752e-07,18.255,-49.582,-37.541,8.950,-13.276,True
1000,8.9125e-07,18.311,-49.243,-37.202,8.938,-13.279,True
1000,9.7163e-07,18.367,-48.888,-36.846,8.925,-13.280,True
1000,1.0593e-06,18.424,-48.517,-36.475,8.911,-13.279,True
1000,1.1548e-06,18.482,-48.130,-36.088,8.897,-13.277,True
1000,1.2589e-06,18.539,-47.727,-35.686,8.882,-13.272,True
1000,1.3725e-06,18.597,-47.308,-35.267,8.867,-13.266,True
1000,1.4962e-06,18.654,-46.875,-34.833,8.852,-13.258,True
1000,1.6312e-06,18.711,-46.426,-34.384,8.837,-13.249,True
1000,1.7783e-06,18.767,-45.962,-33.921,8.821,-13.238,True
1000,1.9387e-06,18.822,-45.483,-33.442,8.805,-13.226,True
1000,2.1135e-06,18.876,-44.991,-32.950,8.789,-13.213,True
1000,2.3041e-06,18.928,-44.486,-32.444,8.774,-13.199,True
1000,2.5119e-06,18.980,-43.967,-31.926,8.758,-13.183,True
1000,2.7384e-06,19.030,-43.436,-31.395,8.743,-13.168,True
1000,2.9854e-06,19.078,-42.894,-30.853,8.728,-13.151,True
1000,3.2546e-06,19.125,-42.341,-30.300,8.713,-13.135,True
1000,3.5481e-06,19.170,-41.778,-29.737,8.699,-13.118,True
1000,3.8681e-06,19.213,-41.206,-29.164,8.685,-13.101,True
1000,4.2170e-06,19.254,-40.625,-28.584,8.672,-13.084,True
1000,4.5973e-06,19.294,-40.037,-27.995,8.659,-13.068,True
1000,5.0119e-06,19.332,-39.442,-27.401,8.646,-13.051,True
1000,5.4639e-06,19.368,-38.842,-26.801,8.635,-13.036,True
1000,5.9566e-06,19.402,-38.238,-26.197,8.623,-13.020,True
1000,6.4938e-06,19.434,-37.631,-25.590,8.613,-12.812,True
1000,7.0795e-06,19.465,-37.022,-24.981,8.603,-12.590,True
1000,7.7179e-06,19.494,-36.413,-24.371,8.593,-12.389,True
1000,8.4140e-06,19.522,-35.805,-23.763,8.584,-12.207,True
1000,9.1728e-06,19.548,-35.199,-23.158,8.576,-12.042,True
1000,1.0000e-05,19.573,-34.598,-22.557,8.568,-11.894,True
1000,1.0902e-05,19.596,-34.004,-21.963,8.560,-11.760,True
1000,1.1885e-05,19.619,-33.417,-21.376,8.553,-11.640,True
1000,1.2957e-05,19.640,-32.841,-20.800,8.546,-11.533,True
1000,1.4125e-05,19.660,-32.278,-20.236,8.540,-11.438,True
1000,1.5399e-05,19.679,-31.728,-19.687,8.535,-11.355,True
1000,1.6788e-05,19.697,-31.196,-19.155,8.529,-11.282,True
1000,1.8302e-05,19.715,-30.682,-18.641,8.524,-11.219,True
1000,1.9953e-05,19.732,-30.189,-18.147,8.520,-11.165,True
1000,2.1752e-05,19.748,-29.718,-17.677,8.515,-11.121,True
1000,2.3714e-05,19.764,-29.271,-17.230,8.511,-11.085,True
1000,2.5852e-05,19.780,-28.850,-16.808,8.508,-11.058,True
1000,2.8184e-05,19.795,-28.454,-16.413,8.504,-11.040,True
1000,3.0726e-05,19.810,-28.085,-16.044,8.501,-11.029,True
1000,3.3497e-05,19.825,-27.743,-15.701,8.498,-11.027,True
1000,3.6517e-05,19.840,-27.426,-15.385,8.495,-11.033,True
1000,3.9811e-05,19.855,-27.135,-15.094,8.492,-11.046,True
1000,4.3401e-05,19.870,-26.868,-14.827,8.490,-11.068,True
1000,4.7315e-05,19.886,-26.624,-14.583,8.488,-11.099,True
1000,5.1582e-05,19.902,-26.400,-14.359,8.485,-11.138,True
1000,5.6234e-05,19.918,-26.196,-14.154,8.483,-11.186,True
1000,6.1306e-05,19.935,-26.008,-13.967,8.481,-11.243,True
1000,6.6834e-05,19.952,-25.835,-13.794,8.480,-11.310,True
1000,7.2862e-05,19.971,-25.675,-13.633,8.478,-11.388,True
1000,7.9433e-05,19.990,-25.525,-13.484,8.476,-11.476,True
1000,8.6596e-05,20.010,-25.384,-13.343,8.474,-11.575,True
1000,9.4406e-05,20.031,-25.250,-13.209,8.472,-11.687,True
1000,1.0292e-04,20.053,-25.122,-13.080,8.470,-11.812,True
1000,1.1220e-04,20.077,-24.996,-12.955,8.469,-11.951,True
1000,1.2232e-04,20.101,-24.873,-12.832,8.467,-12.106,True
1000,1.3335e-04,20.128,-24.751,-12.709,8.464,-12.277,True
1000,1.4538e-04,20.156,-24.627,-12.586,8.462,-12.465,True
1000,1.5849e-04,20.185,-24.502,-12.460,8.460,-12.674,True
1000,1.7278e-04,20.217,-24.373,-12.332,8.457,-12.903,True
1000,1.8836e-04,20.250,-24.240,-12.199,8.454,-13.019,True
1000,2.0535e-04,20.285,-24.102,-12.061,8.451,-13.034,True
1000,2.2387e-04,20.322,-23.958,-11.917,8.448,-13.050,True
1000,2.4406e-04,20.362,-23.807,-11.766,8.444,-13.066,True
1000,2.6607e-04,20.403,-23.648,-11.607,8.440,-13.082,True
1000,2.9007e-04,20.447,-23.480,-11.439,8.435,-13.099,True
1000,3.1623e-04,20.493,-23.303,-11.262,8.430,-13.115,True
1000,3.4475e-04,20.542,-23.115,-11.074,8.425,-13.132,True
1000,3.7584e-04,20.592,-22.917,-10.876,8.418,-13.148,True
1000,4.0973e-04,20.645,-22.707,-10.666,8.412,-13.164,True
1000,4.4668e-04,20.701,-22.485,-10.444,8.404,-13.180,True
1000,4.8697e-04,20.758,-22.251,-10.209,8.396,-13.195,True
1000,5.3088e-04,20.818,-22.003,-9.962,8.387,-13.209,True
1000,5.7876e-04,20.880,-21.742,-9.701,8.377,-13.221,True
1000,6.3096e-04,20.943,-21.467,-9.425,8.367,-13.232,True
1000,6.8786e-04,21.009,-21.177,-9.136,8.356,-13.242,True
1000,7.4989e-04,21.076,-20.873,-8.832,8.344,-13.250,True
1000,8.1752e-04,21.144,-20.555,-8.513,8.332,-13.257,True
1000,8.9125e-04,21.214,-20.221,-8.180,8.318,-13.261,True
1000,9.7163e-04,21.285,-19.873,-7.832,8.305,-13.264,True
1000,1.0593e-03,21.356,-19.510,-7.469,8.290,-13.264,True
1000,1.1548e-03,21.428,-19.132,-7.091,8.275,-13.262,True
1000,1.2589e-03,21.501,-18.740,-6.699,8.259,-13.258,True
1000,1.3725e-03,21.573,-18.334,-6.293,8.244,-13.253,True
1000,1.4962e-03,21.645,-17.914,-5.873,8.227,-13.245,True
1000,1.6312e-03,21.716,-17.481,-5.440,8.211,-13.235,True
1000,1.7783e-03,21.787,-17.036,-4.995,8.194,-13.224,True
1000,1.9387e-03,21.857,-16.579,-4.538,8.177,-13.211,True
1000,2.1135e-03,21.926,-16.111,-4.070,8.161,-13.197,True
1000,2.3041e-03,21.993,-15.633,-3.592,8.144,-13.181,True
1000,2.5119e-03,22.059,-15.147,-3.105,8.127,-13.165,True
1000,2.7384e-03,22.124,-14.652,-2.611,8.111,-13.148,True
1000,2.9854e-03,22.186,-14.152,-2.111,8.095,-13.130,True
1000,3.2546e-03,22.247,-13.647,-1.605,8.080,-13.112,True
1000,3.5481e-03,22.306,-13.138,-1.097,8.065,-13.095,True
1000,3.8681e-03,22.362,-12.628,-0.586,8.050,-13.077,True
1000,4.2170e-03,22.417,-12.118,-0.076,8.036,-13.059,True
1000,4.5973e-03,22.470,-11.609,0.432,8.022,-13.042,True
1000,5.0119e-03,22.521,-11.106,0.936,8.009,-13.025,True
1000,5.4639e-03,22.570,-10.608,1.433,7.997,-13.009,True
1000,5.9566e-03,22.618,-10.118,1.923,7.985,-12.994,True
1000,6.4938e-03,22.663,-9.639,2.402,7.973,-12.980,True
1000,7.0795e-03,22.707,-9.173,2.868,7.962,-12.966,True
1000,7.7179e-03,22.750,-8.722,3.320,7.952,-12.954,True
1000,8.4140e-03,22.791,-8.287,3.755,7.943,-12.943,True
1000,9.1728e-03,22.830,-7.870,4.171,7.933,-12.933,True
1000,1.0000e-02,22.869,-7.473,4.568,7.925,-12.924,True
1000,1.0902e-02,22.906,-7.097,4.944,7.917,-12.856,True
1000,1.1885e-02,22.943,-6.743,5.298,7.909,-12.777,True
1000,1.2957e-02,22.979,-6.411,5.630,7.902,-12.715,True
1000,1.4125e-02,23.015,-6.102,5.940,7.895,-12.670,True
1000,1.5399e-02,23.050,-5.814,6.227,7.889,-12.642,True
1000,1.6788e-02,23.085,-5.548,6.493,7.882,-12.630,True
1000,1.8302e-02,23.120,-5.303,6.739,7.877,-12.633,True
1000,1.9953e-02,23.155,-5.076,6.965,7.871,-12.653,True
1000,2.1752e-02,23.191,-4.868,7.174,7.866,-12.689,True
1000,2.3714e-02,23.227,-4.675,7.366,7.861,-12.742,True
1000,2.5852e-02,23.263,-4.497,7.544,7.856,-12.810,True
1000,2.8184e-02,23.300,-4.332,7.709,7.851,-12.896,True
1000,3.0726e-02,23.339,-4.179,7.863,7.847,-12.920,True
1000,3.3497e-02,23.378,-4.034,8.007,7.842,-12.928,True
1000,3.6517e-02,23.419,-3.898,8.143,7.838,-12.938,True
1000,3.9811e-02,23.461,-3.768,8.273,7.833,-12.948,True
1000,4.3401e-02,23.505,-3.644,8.397,7.829,-12.959,True
1000,4.7315e-02,23.550,-3.524,8.517,7.824,-12.971,True
1000,5.1582e-02,23.597,-3.406,8.635,7.819,-12.984,True
1000,5.6234e-02,23.646,-3.291,8.750,7.814,-12.997,True
1000,6.1306e-02,23.697,-3.177,8.864,7.809,-13.011,True
1000,6.6834e-02,23.749,-3.064,8.977,7.803,-13.026,True
1000,7.2862e-02,23.804,-2.951,9.091,7.797,-13.041,True
1000,7.9433e-02,23.862,-2.837,9.204,7.791,-13.056,True
1000,8.6596e-02,23.921,-2.723,9.318,7.784,-13.071,True
1000,9.4406e-02,23.982,-2.608,9.433,7.777,-13.086,True
1000,1.0292e-01,24.045,-2.492,9.549,7.769,-13.101,True
1000,1.1220e-01,24.111,-2.376,9.666,7.761,-13.116,True
1000,1.2232e-01,24.178,-2.258,9.783,7.752,-13.130,True
1000,1.3335e-01,24.247,-2.141,9.900,7.743,-13.143,True
1000,1.4538e-01,24.318,-2.023,10.018,7.733,-13.156,True
1000,1.5849e-01,24.391,-1.906,10.135,7.723,-13.167,True
1000,1.7278e-01,24.464,-1.790,10.252,7.712,-13.177,True
1000,1.8836e-01,24.539,-1.674,10.367,7.701,-13.186,True
1000,2.0535e-01,24.615,-1.561,10.480,7.689,-13.194,True
1000,2.2387e-01,24.692,-1.450,10.591,7.676,-13.200,True
1000,2.4406e-01,24.769,-1.342,10.700,7.663,-13.205,True
1000,2.6607e-01,24.847,-1.237,10.805,7.650,-13.208,True
1000,2.9007e-01,24.925,-1.135,10.906,7.637,-13.210,True
1000,3.1623e-01,25.002,-1.039,11.003,7.623,-13.211,True
1000,3.4475e-01,25.080,-0.946,11.095,7.610,-13.210,True
1000,3.7584e-01,25.156,-0.859,11.182,7.596,-13.209,True
1000,4.0973e-01,25.232,-0.777,11.264,7.582,-13.206,True
1000,4.4668e-01,25.307,-0.700,11.341,7.568,-13.202,True
1000,4.8697e-01,25.381,-0.629,11.412,7.554,-13.197,True
1000,5.3088e-01,25.454,-0.563,11.479,7.540,-13.192,True
1000,5.7876e-01,25.525,-0.502,11.539,7.527,-13.186,True
1000,6.3096e-01,25.594,-0.446,11.595,7.514,-13.180,True
1000,6.8786e-01,25.663,-0.396,11.645,7.501,-13.173,True
1000,7.4989e-01,25.729,-0.350,11.691,7.488,-13.166,True
1000,8.1752e-01,25.794,-0.309,11.732,7.476,-13.160,True
1000,8.9125e-01,25.857,-0.272,11.770,7.464,-13.153,True
1000,9.7163e-01,25.918,-0.239,11.803,7.453,-13.147,True
1000,1.0593e+00,25.977,-0.209,11.832,7.442,-13.141,True
1000,1.1548e+00,26.035,-0.183,11.858,7.431,-13.135,True
1000,1.2589e+00,26.091,-0.160,11.882,7.421,-13.130,True
1000,1.3725e+00,26.145,-0.139,11.902,7.412,-13.126,True
1000,1.4962e+00,26.197,-0.121,11.920,7.402,-13.122,True
1000,1.6312e+00,26.248,-0.105,11.936,7.394,-13.118,True
1000,1.7783e+00,26.297,-0.091,11.950,7.385,-13.115,True
1000,1.9387e+00,26.344,-0.079,11.962,7.378,-13.112,True
1000,2.1135e+00,26.389,-0.069,11.972,7.370,-13.110,True
1000,2.3041e+00,26.433,-0.060,11.982,7.363,-13.109,True
1000,2.5119e+00,26.476,-0.051,11.990,7.356,-13.108,True
1000,2.7384e+00,26.516,-0.044,11.997,7.350,-13.107,True
1000,2.9854e+00,26.555,-0.038,12.003,7.344,-13.107,True
1000,3.2546e+00,26.593,-0.033,12.008,7.339,-13.107,True
1000,3.5481e+00,26.629,-0.029,12.013,7.333,-13.107,True
1000,3.8681e+00,26.663,-0.025,12.017,7.328,-13.108,True
1000,4.2170e+00,26.696,-0.021,12.020,7.324,-13.108,True
1000,4.5973e+00,26.727,-0.018,12.023,7.319,-13.109,True
1000,5.0119e+00,26.757,-0.016,12.026,7.315,-13.111,True
1000,5.4639e+00,26.786,-0.013,12.028,7.311,-13.112,True
1000,5.9566e+00,26.813,-0.012,12.030,7.307,-13.113,True
1000,6.4938e+00,26.839,-0.010,12.031,7.304,-13.115,True
1000,7.0795e+00,26.863,-0.008,12.033,7.301,-13.116,True
1000,7.7179e+00,26.886,-0.007,12.034,7.298,-13.118,True
1000,8.4140e+00,26.908,-0.006,12.035,7.295,-13.119,True
1000,9.1728e+00,26.928,-0.005,12.036,7.292,-13.121,True
1000,1.0000e+01,26.948,-0.004,12.037,7.290,-13.122,True
