freq_hz,design,eps,BW6dB_full_deg,BW3dB_full_deg,peak_SLL_dB,sll_at_edge,interior_SLL_dB,DI_dB,WNG_norm_dB_re_uniform,WNG_abs_dB,att30_dB,att90_dB,peak_at_0,pair8_vs_16_reldiff,numerically_unstable,w_c0,w_c1,w_c2,w_c3,w_c4,w_c5,w_c6,w_c7,L_grade
250,uniform,,140.328,87.365,nan,False,nan,1.741,0.000,12.041,1.517,6.949,True,0.00e+00,False,1,1,1,1,1,1,1,1,L2/numpy
250,dolph20_frozen,,180.000,94.878,nan,False,nan,1.555,-0.173,11.868,1.339,5.857,True,0.00e+00,False,0.86683,0.50431,0.62167,0.733379,0.832733,0.913515,0.970519,1,L2/numpy
250,mvdr_sym8,1,82.343,58.971,-55.667,True,nan,3.062,-3.045,8.996,3.108,55.667,True,4.34e-16,False,0.175684,0.133572,0.0952803,0.0617557,0.0338415,0.0122494,-0.00246451,-0.00991851,L2/numpy
250,mvdr_sym8,0.3,69.258,50.573,-10.540,True,nan,3.650,-5.792,6.249,4.342,10.540,True,1.96e-15,False,0.254749,0.179099,0.113306,0.0578678,0.0131545,-0.0205744,-0.043146,-0.0544561,L2/numpy
250,mvdr_sym8,0.1,63.960,47.015,-6.606,True,nan,3.831,-7.239,4.802,5.163,6.606,True,2.33e-15,False,0.315748,0.202003,0.112757,0.0448792,-0.0047848,-0.0391383,-0.0605927,-0.0708713,L2/numpy
250,mvdr_sym8,0.03,61.632,45.391,-5.355,True,nan,3.886,-8.321,3.720,5.627,5.355,True,7.67e-15,False,0.400571,0.199081,0.0708702,-0.0015991,-0.0353592,-0.0457204,-0.045198,-0.0426452,L2/numpy
250,mvdr_sym8,0.01,60.308,44.379,-5.320,True,nan,3.951,-11.178,0.863,5.927,5.320,True,1.87e-14,False,0.587234,0.159357,-0.0606554,-0.131046,-0.108,-0.0417922,0.0266119,0.0682913,L2/numpy
250,mvdr_quasi_unconstr,1e-08,31.814,23.338,-13.527,False,-13.527,6.681,-74.133,-62.092,19.070,19.970,True,3.02e-08,False,323.211,-533.585,-207.274,243.797,390.999,214.18,-100.868,-329.96,L2/numpy
500,uniform,,56.112,40.404,-14.216,True,nan,4.486,0.000,12.041,6.949,14.216,True,0.00e+00,False,1,1,1,1,1,1,1,1,L2/numpy
500,dolph20_frozen,,60.703,43.219,-23.098,True,nan,4.213,-0.173,11.868,5.857,23.098,True,0.00e+00,False,0.86683,0.50431,0.62167,0.733379,0.832733,0.913515,0.970519,1,L2/numpy
500,mvdr_sym8,1,48.936,35.579,-10.527,False,-10.527,4.869,-0.559,11.482,9.763,10.527,True,1.19e-15,False,0.116922,0.0791465,0.0551236,0.0440648,0.0431153,0.0481149,0.0546103,0.0589026,L2/numpy
500,mvdr_sym8,0.3,45.943,33.436,-12.114,False,-12.114,5.134,-2.489,9.552,11.566,13.228,True,2.41e-15,False,0.185481,0.0814596,0.0218838,0.00267982,0.013542,0.040391,0.0685544,0.0860088,L2/numpy
500,mvdr_sym8,0.1,42.312,30.848,-13.654,False,-13.654,5.523,-6.382,5.659,14.870,28.303,True,3.52e-15,False,0.303659,0.0794892,-0.0408488,-0.0709371,-0.0364239,0.0303779,0.097062,0.137621,L2/numpy
500,mvdr_sym8,0.03,38.696,28.309,-13.115,False,-13.115,5.862,-10.152,1.889,21.959,14.114,True,7.25e-15,False,0.461067,0.0642872,-0.127384,-0.160285,-0.0906392,0.0239354,0.132357,0.196662,L2/numpy
500,mvdr_sym8,0.01,36.857,27.023,-9.498,True,-12.191,5.971,-12.012,0.029,34.097,9.498,True,2.40e-14,False,0.585131,0.0135349,-0.201544,-0.19874,-0.0914726,0.0400776,0.14733,0.205683,L2/numpy
500,mvdr_quasi_unconstr,1e-08,24.028,17.624,-13.395,False,-13.395,7.824,-71.580,-59.539,13.577,25.002,True,2.65e-08,False,123.717,-389.077,266.489,246.169,-138.69,-279.983,-53.6281,225.502,L2/numpy
750,uniform,,36.547,26.620,-13.147,False,-13.147,6.064,0.000,12.041,28.060,27.966,True,0.00e+00,False,1,1,1,1,1,1,1,1,L2/numpy
750,dolph20_frozen,,39.373,28.425,-20.000,False,-20.000,5.943,-0.173,11.868,16.828,36.845,True,0.00e+00,False,0.86683,0.50431,0.62167,0.733379,0.832733,0.913515,0.970519,1,L2/numpy
750,mvdr_sym8,1,33.472,24.446,-13.081,False,-13.081,6.434,-0.447,11.595,25.605,16.713,True,1.14e-15,False,0.109334,0.071705,0.0490535,0.0410152,0.0441157,0.0531677,0.0628129,0.0687962,L2/numpy
750,mvdr_sym8,0.3,32.053,23.443,-12.545,True,-12.733,6.560,-1.135,10.906,20.175,12.545,True,1.24e-15,False,0.14578,0.0653375,0.0321834,0.0306396,0.0426848,0.0551821,0.0626798,0.0655125,L2/numpy
750,mvdr_sym8,0.1,31.078,22.742,-11.953,True,-12.653,6.660,-2.565,9.476,18.018,11.953,True,2.70e-15,False,0.198025,0.0319076,-0.00236524,0.0290005,0.0651656,0.0747367,0.0601628,0.043367,L2/numpy
750,mvdr_sym8,0.03,29.835,21.830,-13.007,False,-13.007,6.866,-7.075,4.967,16.427,15.233,True,5.31e-15,False,0.319082,-0.0716557,-0.0923352,0.0398539,0.142512,0.136535,0.0516034,-0.0255955,L2/numpy
750,mvdr_sym8,0.01,28.260,20.684,-13.340,False,-13.340,7.141,-12.383,-0.341,14.907,40.087,True,1.90e-14,False,0.51585,-0.252206,-0.236637,0.066036,0.272983,0.236428,0.0358616,-0.138315,L2/numpy
750,mvdr_quasi_unconstr,1e-08,20.318,14.907,-13.098,False,-13.098,8.456,-67.967,-55.925,17.852,13.930,True,3.00e-08,False,38.1875,-167.151,275.453,-133.287,-147.526,140.699,121.668,-127.543,L2/numpy
1000,uniform,,27.203,19.886,-13.147,False,-13.147,7.258,0.000,12.041,14.216,17.942,True,0.00e+00,False,1,1,1,1,1,1,1,1,L2/numpy
1000,dolph20_frozen,,29.269,21.222,-20.000,False,-20.000,7.155,-0.173,11.868,23.098,22.404,True,0.00e+00,False,0.86683,0.50431,0.62167,0.733379,0.832733,0.913515,0.970519,1,L2/numpy
1000,mvdr_sym8,1,25.938,18.975,-13.145,False,-13.145,7.449,-0.228,11.813,13.458,21.904,True,7.21e-16,False,0.0962559,0.0566543,0.04522,0.0538237,0.0657567,0.0683582,0.0610296,0.0529016,L2/numpy
1000,mvdr_sym8,0.3,24.955,18.265,-13.211,False,-13.211,7.632,-1.097,10.944,13.240,32.269,True,1.63e-15,False,0.136374,0.0407705,0.0207877,0.0471872,0.0764526,0.0800642,0.0596671,0.0386969,L2/numpy
1000,mvdr_sym8,0.1,24.024,17.596,-13.096,False,-13.096,7.772,-2.531,9.510,13.141,16.770,True,3.05e-15,False,0.184294,0.0133282,-0.0045661,0.0464805,0.0890431,0.0885413,0.056285,0.0265938,L2/numpy
1000,mvdr_sym8,0.03,23.328,17.097,-12.918,False,-12.918,7.848,-4.220,7.821,13.169,12.969,True,7.31e-15,False,0.239192,-0.0458369,-0.0145329,0.0725068,0.097064,0.0715932,0.0448616,0.0351522,L2/numpy
1000,mvdr_sym8,0.01,22.869,16.762,-12.924,False,-12.924,7.925,-7.473,4.568,13.406,12.954,True,1.29e-14,False,0.316738,-0.179331,0.00694051,0.157787,0.0958276,-0.00135025,0.0150622,0.0883265,L2/numpy
1000,mvdr_quasi_unconstr,1e-08,17.147,12.589,-10.613,True,-12.912,9.102,-59.343,-47.301,26.907,10.613,True,1.01e-08,False,12.6597,-55.062,104.616,-98.4873,27.7902,32.3516,-33.265,9.89689,L2/numpy
