window,freq_hz,BW6dB_full_deg,BW3dB_full_deg,peak_SLL_dB,sll_at_edge,interior_SLL_dB,DI_dB,WNG_norm_dB_re_uniform,WNG_abs_dB,att30_dB,att90_dB,peak_at_0,L_grade
uniform,500,56.112,40.404,-14.216,True,nan,4.486,0.000,12.041,6.949,14.216,True,L2/numpy
uniform,750,36.547,26.620,-13.147,False,-13.147,6.064,0.000,12.041,28.060,27.966,True,L2/numpy
uniform,1000,27.203,19.886,-13.147,False,-13.147,7.258,0.000,12.041,14.216,17.942,True,L2/numpy
uniform,1500,18.040,13.220,-13.147,False,-13.147,8.951,0.000,12.041,27.966,27.579,True,L2/numpy
uniform,2000,13.505,9.905,-13.147,False,-13.147,10.170,0.000,12.041,17.942,30.571,True,L2/numpy
uniform,3000,8.992,6.599,-13.147,False,-13.147,11.876,0.000,12.041,27.579,25.845,True,L2/numpy
uniform,4000,6.741,4.948,-13.147,False,-13.147,13.085,0.000,12.041,30.571,25.881,True,L2/numpy
uniform,5000,5.392,3.958,-13.147,False,-13.147,13.967,0.000,12.041,23.975,25.173,True,L2/numpy
uniform,6000,4.492,3.298,-6.073,True,-13.147,14.252,0.000,12.041,25.845,6.073,True,L2/numpy
dolph20_frozen,500,60.703,43.219,-23.098,True,nan,4.213,-0.173,11.868,5.857,23.098,True,L2/numpy
dolph20_frozen,750,39.373,28.425,-20.000,False,-20.000,5.943,-0.173,11.868,16.828,36.845,True,L2/numpy
dolph20_frozen,1000,29.269,21.222,-20.000,False,-20.000,7.155,-0.173,11.868,23.098,22.404,True,L2/numpy
dolph20_frozen,1500,19.394,14.103,-20.000,False,-20.000,8.867,-0.173,11.868,36.845,55.304,True,L2/numpy
dolph20_frozen,2000,14.515,10.565,-20.000,False,-20.000,10.068,-0.173,11.868,22.404,23.010,True,L2/numpy
dolph20_frozen,3000,9.662,7.038,-20.000,False,-20.000,11.706,-0.173,11.868,55.304,22.047,True,L2/numpy
dolph20_frozen,4000,7.243,5.277,-20.000,False,-20.000,12.862,-0.173,11.868,23.010,26.029,True,L2/numpy
dolph20_frozen,5000,5.793,4.221,-20.000,False,-20.000,13.716,-0.173,11.868,20.013,21.173,True,L2/numpy
dolph20_frozen,6000,4.827,3.517,-5.162,True,-20.000,14.076,-0.173,11.868,22.047,5.162,True,L2/numpy
dolph25,500,67.333,47.428,nan,False,nan,3.811,-0.367,11.675,4.779,37.806,True,L2/numpy
dolph25,750,43.379,31.104,-25.000,False,-25.000,5.563,-0.367,11.675,12.336,37.386,True,L2/numpy
dolph25,1000,32.184,23.201,-25.000,False,-25.000,6.803,-0.367,11.675,37.806,25.944,True,L2/numpy
dolph25,1500,21.297,15.408,-25.000,False,-25.000,8.549,-0.367,11.675,37.386,43.303,True,L2/numpy
dolph25,2000,15.933,11.541,-25.000,False,-25.000,9.784,-0.367,11.675,25.944,28.776,True,L2/numpy
dolph25,3000,10.603,7.687,-25.000,False,-25.000,11.509,-0.367,11.675,43.303,26.996,True,L2/numpy
dolph25,4000,7.947,5.763,-25.000,False,-25.000,12.730,-0.367,11.675,28.776,30.171,True,L2/numpy
dolph25,5000,6.356,4.610,-25.000,False,-25.000,13.663,-0.367,11.675,25.040,27.289,True,L2/numpy
dolph25,6000,5.296,3.841,-4.232,True,-25.000,13.891,-0.367,11.675,26.996,4.232,True,L2/numpy
dolph30,500,73.640,51.345,nan,False,nan,3.472,-0.647,11.394,4.058,21.781,True,L2/numpy
dolph30,750,47.098,33.575,-30.000,False,-30.000,5.228,-0.647,11.394,9.996,33.380,True,L2/numpy
dolph30,1000,34.873,25.021,-30.000,False,-30.000,6.476,-0.647,11.394,21.781,30.097,True,L2/numpy
dolph30,1500,23.047,16.606,-30.000,False,-30.000,8.232,-0.647,11.394,33.380,40.949,True,L2/numpy
dolph30,2000,17.234,12.435,-30.000,False,-30.000,9.477,-0.647,11.394,30.097,34.860,True,L2/numpy
dolph30,3000,11.465,8.281,-30.000,False,-30.000,11.227,-0.647,11.394,40.949,31.937,True,L2/numpy
dolph30,4000,8.592,6.209,-30.000,False,-30.000,12.468,-0.647,11.394,34.860,34.295,True,L2/numpy
dolph30,5000,6.872,4.966,-30.000,False,-30.000,13.427,-0.647,11.394,30.091,34.336,True,L2/numpy
dolph30,6000,5.725,4.138,-3.603,True,-30.000,13.518,-0.647,11.394,31.937,3.603,True,L2/numpy
taylor25_nbar4,500,69.149,48.606,nan,False,nan,3.709,-0.432,11.609,4.543,30.879,True,L2/numpy
taylor25_nbar4,750,44.459,31.850,-25.131,False,-25.131,5.462,-0.432,11.609,11.594,32.604,True,L2/numpy
taylor25_nbar4,1000,32.967,23.750,-25.131,False,-25.131,6.704,-0.432,11.609,30.879,25.705,True,L2/numpy
taylor25_nbar4,1500,21.807,15.770,-25.131,False,-25.131,8.452,-0.432,11.609,32.604,33.604,True,L2/numpy
taylor25_nbar4,2000,16.312,11.811,-25.131,False,-25.131,9.694,-0.432,11.609,25.705,36.371,True,L2/numpy
taylor25_nbar4,3000,10.854,7.866,-25.131,False,-25.131,11.442,-0.432,11.609,33.604,31.517,True,L2/numpy
taylor25_nbar4,4000,8.135,5.898,-25.131,False,-25.131,12.681,-0.432,11.609,36.371,31.625,True,L2/numpy
taylor25_nbar4,5000,6.506,4.717,-25.131,False,-25.131,13.630,-0.432,11.609,29.680,31.064,True,L2/numpy
taylor25_nbar4,6000,5.421,3.931,-4.026,True,-25.131,13.813,-0.432,11.609,31.517,4.026,True,L2/numpy
kaiser_b3,500,74.918,52.260,nan,False,nan,3.411,-0.700,11.341,3.923,21.659,True,L2/numpy
kaiser_b3,750,47.840,34.148,-25.713,False,-25.713,5.163,-0.700,11.341,9.710,26.914,True,L2/numpy
kaiser_b3,1000,35.407,25.442,-25.713,False,-25.713,6.410,-0.700,11.341,21.659,31.150,True,L2/numpy
kaiser_b3,1500,23.393,16.883,-25.713,False,-25.713,8.167,-0.700,11.341,26.914,35.781,True,L2/numpy
kaiser_b3,2000,17.491,12.642,-25.713,False,-25.713,9.415,-0.700,11.341,31.150,51.524,True,L2/numpy
kaiser_b3,3000,11.636,8.419,-25.713,False,-25.713,11.173,-0.700,11.341,35.781,38.886,True,L2/numpy
kaiser_b3,4000,8.720,6.312,-25.713,False,-25.713,12.421,-0.700,11.341,51.524,37.741,True,L2/numpy
kaiser_b3,5000,6.974,5.048,-25.713,False,-25.713,13.387,-0.700,11.341,37.512,68.515,True,L2/numpy
kaiser_b3,6000,5.810,4.207,-3.482,True,-25.713,13.450,-0.700,11.341,38.886,3.482,True,L2/numpy
kaiser_b5,500,96.678,64.923,nan,False,nan,2.581,-1.585,10.457,2.592,11.425,True,L2/numpy
kaiser_b5,750,59.744,41.933,nan,False,nan,4.269,-1.585,10.457,6.050,36.829,True,L2/numpy
kaiser_b5,1000,43.869,31.134,-38.383,False,-38.383,5.518,-1.585,10.457,11.425,43.581,True,L2/numpy
kaiser_b5,1500,28.840,20.613,-38.383,False,-38.383,7.278,-1.585,10.457,36.829,52.282,True,L2/numpy
kaiser_b5,2000,21.529,15.423,-38.383,False,-38.383,8.528,-1.585,10.457,43.581,57.066,True,L2/numpy
kaiser_b5,3000,14.306,10.265,-38.383,False,-38.383,10.289,-1.585,10.457,52.282,62.836,True,L2/numpy
kaiser_b5,4000,10.717,7.694,-38.383,False,-38.383,11.538,-1.585,10.457,57.066,58.152,True,L2/numpy
kaiser_b5,5000,8.569,6.153,-38.383,False,-38.383,12.507,-1.585,10.457,66.710,45.503,True,L2/numpy
kaiser_b5,6000,7.139,5.127,-2.311,True,-38.383,12.210,-1.585,10.457,62.836,2.311,True,L2/numpy
hann_edge_nonzero,500,94.198,63.689,nan,False,nan,2.653,-1.498,10.544,2.684,12.131,True,L2/numpy
hann_edge_nonzero,750,58.465,41.188,-43.338,True,nan,4.357,-1.498,10.544,6.315,43.338,True,L2/numpy
hann_edge_nonzero,1000,42.971,30.592,-31.486,False,-31.486,5.605,-1.498,10.544,12.131,37.255,True,L2/numpy
hann_edge_nonzero,1500,28.266,20.259,-31.486,False,-31.486,7.366,-1.498,10.544,43.338,57.512,True,L2/numpy
hann_edge_nonzero,2000,21.105,15.159,-31.486,False,-31.486,8.615,-1.498,10.544,37.255,54.796,True,L2/numpy
hann_edge_nonzero,3000,14.025,10.090,-31.486,False,-31.486,10.376,-1.498,10.544,57.512,83.717,True,L2/numpy
hann_edge_nonzero,4000,10.507,7.563,-31.486,False,-31.486,11.625,-1.498,10.544,54.796,68.873,True,L2/numpy
hann_edge_nonzero,5000,8.402,6.049,-31.486,False,-31.486,12.594,-1.498,10.544,67.903,41.636,True,L2/numpy
hann_edge_nonzero,6000,6.999,5.040,-2.391,True,-31.486,12.334,-1.498,10.544,83.717,2.391,True,L2/numpy
hann_sym_edge0,500,112.238,73.450,nan,False,nan,2.195,-2.041,10.000,2.075,9.057,True,L2/numpy
hann_sym_edge0,750,67.210,46.987,nan,False,nan,3.814,-2.041,10.000,4.825,26.901,True,L2/numpy
hann_sym_edge0,1000,49.051,34.793,-31.498,False,-31.498,5.062,-2.041,10.000,9.057,31.589,True,L2/numpy
hann_sym_edge0,1500,32.131,22.995,-31.498,False,-31.498,6.822,-2.041,10.000,26.901,43.407,True,L2/numpy
hann_sym_edge0,2000,23.958,17.195,-31.498,False,-31.498,8.071,-2.041,10.000,31.589,56.365,True,L2/numpy
hann_sym_edge0,3000,15.907,11.439,-31.498,False,-31.498,9.832,-2.041,10.000,43.407,78.939,True,L2/numpy
hann_sym_edge0,4000,11.913,8.573,-31.498,False,-31.498,11.082,-2.041,10.000,56.365,55.652,True,L2/numpy
hann_sym_edge0,5000,9.524,6.856,-31.498,False,-31.498,12.050,-2.041,10.000,87.073,59.076,True,L2/numpy
hann_sym_edge0,6000,7.934,5.713,-1.849,True,-31.498,11.583,-2.041,10.000,78.939,1.849,True,L2/numpy
