design,band_fc_hz,r_m,att90_band_db_41pt,att90_single_f_db
Dolph-20,1000,1.0,18.71,18.53
Dolph-20,1000,2.0,21.72,21.44
Dolph-20,1000,4.0,22.47,22.16
Dolph-20,1000,8.0,22.66,22.34
Dolph-20,1000,16.0,22.71,22.39
Dolph-20,1000,1000.0,22.72,22.40
Dolph-20,2000,1.0,16.02,15.84
Dolph-20,2000,2.0,21.35,21.15
Dolph-20,2000,4.0,22.76,22.54
Dolph-20,2000,8.0,23.12,22.89
Dolph-20,2000,16.0,23.21,22.98
Dolph-20,2000,1000.0,23.24,23.01
Dolph-20,4000,1.0,13.53,15.43
Dolph-20,4000,2.0,17.54,20.18
Dolph-20,4000,4.0,21.62,24.54
Dolph-20,4000,8.0,22.67,25.66
Dolph-20,4000,16.0,22.93,25.94
Dolph-20,4000,1000.0,23.02,26.03
Dolph-35,1000,1.0,32.78,31.66
Dolph-35,1000,2.0,35.90,34.36
Dolph-35,1000,4.0,36.67,35.01
Dolph-35,1000,8.0,36.86,35.17
Dolph-35,1000,16.0,36.90,35.21
Dolph-35,1000,1000.0,36.92,35.22
Dolph-35,2000,1.0,32.80,34.91
Dolph-35,2000,2.0,36.49,39.63
Dolph-35,2000,4.0,37.48,40.97
Dolph-35,2000,8.0,37.73,41.31
Dolph-35,2000,16.0,37.79,41.40
Dolph-35,2000,1000.0,37.81,41.43
Dolph-35,4000,1.0,29.98,30.43
Dolph-35,4000,2.0,34.73,35.33
Dolph-35,4000,4.0,36.95,37.59
Dolph-35,4000,8.0,37.57,38.22
Dolph-35,4000,16.0,37.73,38.38
Dolph-35,4000,1000.0,37.78,38.43
V1-128t,1000,1.0,36.93,38.05
V1-128t,1000,2.0,43.89,44.29
V1-128t,1000,4.0,44.48,44.08
V1-128t,1000,8.0,44.51,43.94
V1-128t,1000,16.0,44.51,43.90
V1-128t,1000,1000.0,44.51,43.88
V1-128t,2000,1.0,37.03,37.99
V1-128t,2000,2.0,41.92,45.41
V1-128t,2000,4.0,43.08,47.65
V1-128t,2000,8.0,43.37,48.25
V1-128t,2000,16.0,43.44,48.40
V1-128t,2000,1000.0,43.47,48.45
V1-128t,4000,1.0,35.02,37.37
V1-128t,4000,2.0,41.26,45.29
V1-128t,4000,4.0,43.93,48.59
V1-128t,4000,8.0,44.65,49.47
V1-128t,4000,16.0,44.83,49.69
V1-128t,4000,1000.0,44.89,49.76
V1n-128t,1000,1.0,32.17,34.35
V1n-128t,1000,2.0,41.49,46.00
V1n-128t,1000,4.0,46.58,52.62
V1n-128t,1000,8.0,48.94,55.60
V1n-128t,1000,16.0,49.73,56.59
V1n-128t,1000,1000.0,50.02,56.95
V1n-128t,2000,1.0,37.13,38.48
V1n-128t,2000,2.0,41.94,46.03
V1n-128t,2000,4.0,43.08,48.36
V1n-128t,2000,8.0,43.37,48.99
V1n-128t,2000,16.0,43.44,49.15
V1n-128t,2000,1000.0,43.46,49.21
V1n-128t,4000,1.0,35.07,37.20
V1n-128t,4000,2.0,41.33,45.11
V1n-128t,4000,4.0,44.00,48.40
V1n-128t,4000,8.0,44.71,49.28
V1n-128t,4000,16.0,44.89,49.50
V1n-128t,4000,1000.0,44.95,49.57
V2-128t,1000,1.0,35.01,34.24
V2-128t,1000,2.0,39.52,37.92
V2-128t,1000,4.0,40.32,38.56
V2-128t,1000,8.0,40.49,38.70
V2-128t,1000,16.0,40.54,38.73
V2-128t,1000,1000.0,40.55,38.74
V2-128t,2000,1.0,37.25,38.66
V2-128t,2000,2.0,41.87,45.85
V2-128t,2000,4.0,43.03,48.12
V2-128t,2000,8.0,43.32,48.74
V2-128t,2000,16.0,43.39,48.90
V2-128t,2000,1000.0,43.41,48.96
V2-128t,4000,1.0,33.68,36.93
V2-128t,4000,2.0,40.22,46.24
V2-128t,4000,4.0,42.95,50.30
V2-128t,4000,8.0,43.67,51.43
V2-128t,4000,16.0,43.85,51.72
V2-128t,4000,1000.0,43.91,51.82
