design,angle_deg,band_fc_hz,att_band_db,att_single_f_db,att_inband_min_db,grade1_thr_db,margin_band_to_grade1_db,grade(0=below g3; NA=not evaluable)
Dolph-20,30,500,5.84,5.86,4.52,5,+0.84,1
Dolph-20,30,1000,23.10,23.10,20.04,18,+5.10,1
Dolph-20,30,2000,22.73,22.40,20.00,20,+2.73,1
Dolph-20,30,4000,23.24,23.01,20.01,22,+1.24,1
Dolph-20,90,500,23.10,23.10,20.04,10,+13.10,1
Dolph-20,90,1000,22.73,22.40,20.00,20,+2.73,1
Dolph-20,90,2000,23.24,23.01,20.01,25,-1.76,2
Dolph-20,90,4000,23.02,26.03,20.00,10,+13.02,1
Dolph-20,180,500,NA,NA,NA,12,NA,"NA(not evaluable: isotropic front=back, R9)"
Dolph-20,180,1000,NA,NA,NA,20,NA,"NA(not evaluable: isotropic front=back, R9)"
Dolph-20,180,2000,NA,NA,NA,20,NA,"NA(not evaluable: isotropic front=back, R9)"
Dolph-20,180,4000,NA,NA,NA,20,NA,"NA(not evaluable: isotropic front=back, R9)"
Dolph-35,30,500,3.55,3.54,2.78,5,-1.45,2
Dolph-35,30,1000,16.43,17.11,12.73,18,-1.57,2
Dolph-35,30,2000,36.94,35.22,35.00,20,+16.94,1
Dolph-35,30,4000,37.81,41.43,35.01,22,+15.81,1
Dolph-35,90,500,16.43,17.11,12.73,10,+6.43,1
Dolph-35,90,1000,36.94,35.22,35.00,20,+16.94,1
Dolph-35,90,2000,37.81,41.43,35.01,25,+12.81,1
Dolph-35,90,4000,37.78,38.43,35.00,10,+27.78,1
Dolph-35,180,500,NA,NA,NA,12,NA,"NA(not evaluable: isotropic front=back, R9)"
Dolph-35,180,1000,NA,NA,NA,20,NA,"NA(not evaluable: isotropic front=back, R9)"
Dolph-35,180,2000,NA,NA,NA,20,NA,"NA(not evaluable: isotropic front=back, R9)"
Dolph-35,180,4000,NA,NA,NA,20,NA,"NA(not evaluable: isotropic front=back, R9)"
V1-ideal,30,500,5.96,6.05,4.59,5,+0.96,1
V1-ideal,30,1000,18.40,19.44,14.70,18,+0.40,1
V1-ideal,30,2000,29.48,28.22,28.02,20,+9.48,1
V1-ideal,30,4000,33.55,34.34,30.04,22,+11.55,1
V1-ideal,90,500,27.55,25.84,25.57,10,+17.55,1
V1-ideal,90,1000,43.10,42.11,41.14,20,+23.10,1
V1-ideal,90,2000,43.52,58.30,41.07,25,+18.52,1
V1-ideal,90,4000,45.57,49.12,40.86,10,+35.57,1
V1-ideal,180,500,NA,NA,NA,12,NA,"NA(not evaluable: isotropic front=back, R9)"
V1-ideal,180,1000,NA,NA,NA,20,NA,"NA(not evaluable: isotropic front=back, R9)"
V1-ideal,180,2000,NA,NA,NA,20,NA,"NA(not evaluable: isotropic front=back, R9)"
V1-ideal,180,4000,NA,NA,NA,20,NA,"NA(not evaluable: isotropic front=back, R9)"
V1-64t,30,500,5.60,5.62,4.59,5,+0.60,1
V1-64t,30,1000,19.44,20.41,15.14,18,+1.44,1
V1-64t,30,2000,29.01,27.53,27.47,20,+9.01,1
V1-64t,30,4000,34.20,35.75,30.36,22,+12.20,1
V1-64t,90,500,32.81,32.40,30.14,10,+22.81,1
V1-64t,90,1000,43.01,42.24,40.27,20,+23.01,1
V1-64t,90,2000,42.57,42.66,39.35,25,+17.57,1
V1-64t,90,4000,45.49,48.56,41.03,10,+35.49,1
V1-64t,180,500,NA,NA,NA,12,NA,"NA(not evaluable: isotropic front=back, R9)"
V1-64t,180,1000,NA,NA,NA,20,NA,"NA(not evaluable: isotropic front=back, R9)"
V1-64t,180,2000,NA,NA,NA,20,NA,"NA(not evaluable: isotropic front=back, R9)"
V1-64t,180,4000,NA,NA,NA,20,NA,"NA(not evaluable: isotropic front=back, R9)"
V1-128t,30,500,5.69,5.72,4.66,5,+0.69,1
V1-128t,30,1000,22.92,42.29,17.44,18,+4.92,1
V1-128t,30,2000,28.98,27.37,27.37,20,+8.98,1
V1-128t,30,4000,34.06,35.13,30.27,22,+12.06,1
V1-128t,90,500,28.68,27.58,27.02,10,+18.68,1
V1-128t,90,1000,44.52,43.88,42.15,20,+24.52,1
V1-128t,90,2000,43.44,48.45,39.60,25,+18.44,1
V1-128t,90,4000,44.89,49.76,39.53,10,+34.89,1
V1-128t,180,500,NA,NA,NA,12,NA,"NA(not evaluable: isotropic front=back, R9)"
V1-128t,180,1000,NA,NA,NA,20,NA,"NA(not evaluable: isotropic front=back, R9)"
V1-128t,180,2000,NA,NA,NA,20,NA,"NA(not evaluable: isotropic front=back, R9)"
V1-128t,180,4000,NA,NA,NA,20,NA,"NA(not evaluable: isotropic front=back, R9)"
V1-256t,30,500,6.02,6.09,4.83,5,+1.02,1
V1-256t,30,1000,18.55,20.06,14.79,18,+0.55,1
V1-256t,30,2000,29.50,28.57,27.96,20,+9.50,1
V1-256t,30,4000,33.53,34.24,30.04,22,+11.53,1
V1-256t,90,500,27.62,26.18,26.00,10,+17.62,1
V1-256t,90,1000,43.05,42.38,40.54,20,+23.05,1
V1-256t,90,2000,43.41,58.87,40.68,25,+18.41,1
V1-256t,90,4000,45.55,48.82,40.91,10,+35.55,1
V1-256t,180,500,NA,NA,NA,12,NA,"NA(not evaluable: isotropic front=back, R9)"
V1-256t,180,1000,NA,NA,NA,20,NA,"NA(not evaluable: isotropic front=back, R9)"
V1-256t,180,2000,NA,NA,NA,20,NA,"NA(not evaluable: isotropic front=back, R9)"
V1-256t,180,4000,NA,NA,NA,20,NA,"NA(not evaluable: isotropic front=back, R9)"
V1n-ideal,30,500,5.63,5.66,4.51,5,+0.63,1
V1n-ideal,30,1000,15.81,15.54,13.84,18,-2.19,2
V1n-ideal,30,2000,29.48,28.22,28.02,20,+9.48,1
V1n-ideal,30,4000,33.55,34.34,30.04,22,+11.55,1
V1n-ideal,90,500,27.61,26.18,25.67,10,+17.61,1
V1n-ideal,90,1000,46.35,55.15,41.85,20,+26.35,1
V1n-ideal,90,2000,43.52,58.30,41.07,25,+18.52,1
V1n-ideal,90,4000,45.57,49.12,40.86,10,+35.57,1
V1n-ideal,180,500,NA,NA,NA,12,NA,"NA(not evaluable: isotropic front=back, R9)"
V1n-ideal,180,1000,NA,NA,NA,20,NA,"NA(not evaluable: isotropic front=back, R9)"
V1n-ideal,180,2000,NA,NA,NA,20,NA,"NA(not evaluable: isotropic front=back, R9)"
V1n-ideal,180,4000,NA,NA,NA,20,NA,"NA(not evaluable: isotropic front=back, R9)"
V1n-64t,30,500,5.69,5.70,4.57,5,+0.69,1
V1n-64t,30,1000,25.23,30.89,19.22,18,+7.23,1
V1n-64t,30,2000,28.80,27.28,27.27,20,+8.80,1
V1n-64t,30,4000,33.99,35.56,30.13,22,+11.99,1
V1n-64t,90,500,32.64,34.13,29.12,10,+22.64,1
V1n-64t,90,1000,46.62,52.00,43.36,20,+26.62,1
V1n-64t,90,2000,43.06,43.70,39.91,25,+18.06,1
V1n-64t,90,4000,45.28,47.29,40.58,10,+35.28,1
V1n-64t,180,500,NA,NA,NA,12,NA,"NA(not evaluable: isotropic front=back, R9)"
V1n-64t,180,1000,NA,NA,NA,20,NA,"NA(not evaluable: isotropic front=back, R9)"
V1n-64t,180,2000,NA,NA,NA,20,NA,"NA(not evaluable: isotropic front=back, R9)"
V1n-64t,180,4000,NA,NA,NA,20,NA,"NA(not evaluable: isotropic front=back, R9)"
V1n-128t,30,500,6.07,6.08,4.77,5,+1.07,1
V1n-128t,30,1000,17.65,17.41,15.29,18,-0.35,2
V1n-128t,30,2000,29.51,28.06,27.79,20,+9.51,1
V1n-128t,30,4000,34.01,35.05,30.28,22,+12.01,1
V1n-128t,90,500,30.84,30.27,28.33,10,+20.84,1
V1n-128t,90,1000,49.96,56.95,45.47,20,+29.96,1
V1n-128t,90,2000,43.43,49.21,39.84,25,+18.43,1
V1n-128t,90,4000,44.96,49.57,39.74,10,+34.96,1
V1n-128t,180,500,NA,NA,NA,12,NA,"NA(not evaluable: isotropic front=back, R9)"
V1n-128t,180,1000,NA,NA,NA,20,NA,"NA(not evaluable: isotropic front=back, R9)"
V1n-128t,180,2000,NA,NA,NA,20,NA,"NA(not evaluable: isotropic front=back, R9)"
V1n-128t,180,4000,NA,NA,NA,20,NA,"NA(not evaluable: isotropic front=back, R9)"
V1n-256t,30,500,5.77,5.80,4.60,5,+0.77,1
V1n-256t,30,1000,16.15,15.77,14.77,18,-1.85,2
V1n-256t,30,2000,29.49,28.53,28.30,20,+9.49,1
V1n-256t,30,4000,33.53,34.26,30.03,22,+11.53,1
V1n-256t,90,500,28.07,26.79,26.38,10,+18.07,1
V1n-256t,90,1000,45.61,64.30,41.94,20,+25.61,1
V1n-256t,90,2000,43.42,58.72,40.71,25,+18.42,1
V1n-256t,90,4000,45.55,48.86,40.92,10,+35.55,1
V1n-256t,180,500,NA,NA,NA,12,NA,"NA(not evaluable: isotropic front=back, R9)"
V1n-256t,180,1000,NA,NA,NA,20,NA,"NA(not evaluable: isotropic front=back, R9)"
V1n-256t,180,2000,NA,NA,NA,20,NA,"NA(not evaluable: isotropic front=back, R9)"
V1n-256t,180,4000,NA,NA,NA,20,NA,"NA(not evaluable: isotropic front=back, R9)"
V2-ideal,30,500,6.30,6.41,4.65,5,+1.30,1
V2-ideal,30,1000,21.96,23.25,17.27,18,+3.96,1
V2-ideal,30,2000,28.32,27.43,26.33,20,+8.32,1
V2-ideal,30,4000,32.18,32.61,28.69,22,+10.18,1
V2-ideal,90,500,28.14,26.19,26.06,10,+18.14,1
V2-ideal,90,1000,41.15,39.92,39.83,20,+21.15,1
V2-ideal,90,2000,43.57,65.30,40.95,25,+18.57,1
V2-ideal,90,4000,44.46,52.36,39.54,10,+34.46,1
V2-ideal,180,500,NA,NA,NA,12,NA,"NA(not evaluable: isotropic front=back, R9)"
V2-ideal,180,1000,NA,NA,NA,20,NA,"NA(not evaluable: isotropic front=back, R9)"
V2-ideal,180,2000,NA,NA,NA,20,NA,"NA(not evaluable: isotropic front=back, R9)"
V2-ideal,180,4000,NA,NA,NA,20,NA,"NA(not evaluable: isotropic front=back, R9)"
V2-64t,30,500,5.95,5.97,4.84,5,+0.95,1
V2-64t,30,1000,20.50,21.35,16.36,18,+2.50,1
V2-64t,30,2000,31.42,31.91,27.63,20,+11.42,1
V2-64t,30,4000,31.94,33.79,27.92,22,+9.94,1
V2-64t,90,500,28.38,27.50,26.70,10,+18.38,1
V2-64t,90,1000,40.19,42.71,37.28,20,+20.19,1
V2-64t,90,2000,43.62,45.26,40.75,25,+18.62,1
V2-64t,90,4000,45.08,49.96,39.87,10,+35.08,1
V2-64t,180,500,NA,NA,NA,12,NA,"NA(not evaluable: isotropic front=back, R9)"
V2-64t,180,1000,NA,NA,NA,20,NA,"NA(not evaluable: isotropic front=back, R9)"
V2-64t,180,2000,NA,NA,NA,20,NA,"NA(not evaluable: isotropic front=back, R9)"
V2-64t,180,4000,NA,NA,NA,20,NA,"NA(not evaluable: isotropic front=back, R9)"
V2-128t,30,500,6.23,6.27,4.97,5,+1.23,1
V2-128t,30,1000,20.83,21.81,16.52,18,+2.83,1
V2-128t,30,2000,27.47,25.87,25.86,20,+7.47,1
V2-128t,30,4000,33.02,33.59,29.52,22,+11.02,1
V2-128t,90,500,27.57,26.39,26.08,10,+17.57,1
V2-128t,90,1000,40.58,38.74,38.73,20,+20.58,1
V2-128t,90,2000,43.38,48.96,39.55,25,+18.38,1
V2-128t,90,4000,43.90,51.82,38.48,10,+33.90,1
V2-128t,180,500,NA,NA,NA,12,NA,"NA(not evaluable: isotropic front=back, R9)"
V2-128t,180,1000,NA,NA,NA,20,NA,"NA(not evaluable: isotropic front=back, R9)"
V2-128t,180,2000,NA,NA,NA,20,NA,"NA(not evaluable: isotropic front=back, R9)"
V2-128t,180,4000,NA,NA,NA,20,NA,"NA(not evaluable: isotropic front=back, R9)"
V2-256t,30,500,6.45,6.53,5.02,5,+1.45,1
V2-256t,30,1000,22.10,23.89,17.05,18,+4.10,1
V2-256t,30,2000,28.31,27.30,26.06,20,+8.31,1
V2-256t,30,4000,32.16,32.41,28.77,22,+10.16,1
V2-256t,90,500,27.64,26.07,26.00,10,+17.64,1
V2-256t,90,1000,40.90,39.55,39.36,20,+20.90,1
V2-256t,90,2000,43.56,63.77,40.63,25,+18.56,1
V2-256t,90,4000,44.49,52.17,39.73,10,+34.49,1
V2-256t,180,500,NA,NA,NA,12,NA,"NA(not evaluable: isotropic front=back, R9)"
V2-256t,180,1000,NA,NA,NA,20,NA,"NA(not evaluable: isotropic front=back, R9)"
V2-256t,180,2000,NA,NA,NA,20,NA,"NA(not evaluable: isotropic front=back, R9)"
V2-256t,180,4000,NA,NA,NA,20,NA,"NA(not evaluable: isotropic front=back, R9)"
