design,band_fc_hz,att90_worse_db,worst_60_90_db,att30_db,wng_norm_db,onaxis_fulldrive_vs_d20_db,err_floor_mean_db
Dolph-20,250,5.84,4.26,1.35,-0.17,0.00,33.43
Dolph-20,315,10.04,7.12,2.17,-0.17,0.00,33.42
Dolph-20,400,19.46,12.82,3.59,-0.17,0.00,33.42
Dolph-20,500,23.10,23.10,5.84,-0.17,0.00,33.42
Dolph-20,630,22.07,20.73,10.04,-0.17,0.00,33.42
Dolph-20,800,24.12,24.12,19.46,-0.17,0.00,33.42
Dolph-20,1000,22.73,21.18,23.10,-0.17,0.00,33.41
Dolph-20,1250,22.25,22.25,21.86,-0.17,0.00,33.40
Dolph-20,1600,23.14,22.78,24.12,-0.17,0.00,33.38
Dolph-20,2000,23.24,22.57,22.73,-0.17,0.00,33.36
Dolph-20,2500,24.07,22.17,22.25,-0.17,0.00,33.32
Dolph-20,3150,22.73,22.34,23.23,-0.17,0.00,33.26
Dolph-20,4000,23.02,22.68,23.24,-0.17,0.00,33.15
Dolph-20,5000,22.86,22.60,24.07,-0.17,0.00,33.01
Dolph-20,6300,5.91,5.90,22.73,-0.17,0.00,32.78
Dolph-35,250,3.55,2.64,0.86,-0.92,-2.47,32.68
Dolph-35,315,5.77,4.26,1.38,-0.92,-2.47,32.68
Dolph-35,400,9.72,7.08,2.24,-0.92,-2.47,32.68
Dolph-35,500,16.43,11.65,3.55,-0.92,-2.47,32.67
Dolph-35,630,31.14,20.57,5.77,-0.92,-2.47,32.67
Dolph-35,800,38.04,37.05,9.72,-0.92,-2.47,32.67
Dolph-35,1000,36.94,36.94,16.43,-0.92,-2.47,32.66
Dolph-35,1250,38.50,37.50,30.41,-0.92,-2.47,32.65
Dolph-35,1600,38.06,37.57,38.04,-0.92,-2.47,32.63
Dolph-35,2000,37.81,37.39,36.94,-0.92,-2.47,32.61
Dolph-35,2500,39.03,37.15,38.50,-0.92,-2.47,32.57
Dolph-35,3150,37.81,37.35,38.05,-0.92,-2.47,32.51
Dolph-35,4000,37.78,37.60,37.81,-0.92,-2.47,32.41
Dolph-35,5000,37.82,37.67,39.03,-0.92,-2.47,32.26
Dolph-35,6300,4.90,4.90,37.81,-0.92,-2.47,32.03
V1-ideal,250,5.84,4.26,1.35,-0.17,-0.00,33.43
V1-ideal,315,10.04,7.12,2.17,-0.17,-0.00,33.42
V1-ideal,400,19.47,12.84,3.60,-0.18,-0.26,33.42
V1-ideal,500,27.55,25.73,5.96,-0.28,-1.35,33.32
V1-ideal,630,35.60,34.63,8.30,-0.43,-1.67,33.17
V1-ideal,800,48.75,40.65,12.23,-0.65,-1.60,32.94
V1-ideal,1000,43.10,36.64,18.40,-0.27,-1.26,33.32
V1-ideal,1250,45.10,42.79,18.06,-0.40,-1.31,33.18
V1-ideal,1600,44.50,43.55,31.06,-0.59,-1.72,32.96
V1-ideal,2000,43.52,43.52,29.48,-0.59,-1.60,32.94
V1-ideal,2500,43.56,43.56,33.53,-0.57,-1.38,32.92
V1-ideal,3150,49.24,47.46,32.30,-0.54,-1.36,32.89
V1-ideal,4000,45.57,44.08,33.55,-0.53,-1.24,32.80
V1-ideal,5000,36.35,34.82,33.89,-0.60,-1.49,32.58
V1-ideal,6300,5.88,5.88,23.10,-0.22,-1.19,32.73
V1-64t,250,7.00,5.04,1.57,-0.29,-1.96,33.31
V1-64t,315,11.75,8.18,2.43,-0.28,-1.59,33.32
V1-64t,400,21.50,13.74,3.78,-0.29,-0.99,33.31
V1-64t,500,32.81,23.16,5.60,-0.34,-0.89,33.25
V1-64t,630,34.80,34.73,8.20,-0.47,-1.40,33.12
V1-64t,800,40.01,40.01,12.15,-0.65,-1.74,32.94
V1-64t,1000,43.01,39.96,19.44,-0.75,-1.77,32.83
V1-64t,1250,47.59,41.05,26.70,-0.67,-1.70,32.90
V1-64t,1600,48.23,40.56,28.33,-0.52,-1.25,33.03
V1-64t,2000,42.57,42.57,29.01,-0.59,-1.68,32.94
V1-64t,2500,43.22,41.61,35.37,-0.66,-1.71,32.83
V1-64t,3150,47.59,45.11,32.23,-0.49,-1.33,32.94
V1-64t,4000,45.49,43.36,34.20,-0.58,-1.52,32.75
V1-64t,5000,36.44,34.71,34.64,-0.60,-1.71,32.58
V1-64t,6300,5.84,5.75,23.36,-0.30,-1.15,32.66
V1-128t,250,6.54,4.73,1.48,-0.13,-0.18,33.47
V1-128t,315,11.43,7.96,2.37,-0.15,-0.21,33.45
V1-128t,400,22.33,14.04,3.80,-0.20,-0.17,33.40
V1-128t,500,28.68,24.91,5.69,-0.30,-0.74,33.29
V1-128t,630,33.65,33.65,8.18,-0.49,-1.09,33.10
V1-128t,800,40.88,38.48,12.49,-0.62,-1.36,32.97
V1-128t,1000,44.52,36.51,22.92,-0.47,-1.25,33.11
V1-128t,1250,44.03,40.14,19.32,-0.41,-1.05,33.17
V1-128t,1600,43.08,42.88,29.08,-0.64,-1.77,32.91
V1-128t,2000,43.44,43.44,28.98,-0.57,-1.71,32.96
V1-128t,2500,43.31,43.31,34.22,-0.58,-1.54,32.91
V1-128t,3150,48.24,48.24,31.49,-0.54,-1.39,32.89
V1-128t,4000,44.89,44.77,34.06,-0.54,-1.38,32.79
V1-128t,5000,35.90,34.84,33.94,-0.60,-1.63,32.58
V1-128t,6300,5.93,5.91,23.34,-0.23,-1.10,32.72
V1-256t,250,5.62,4.11,1.30,-0.18,0.01,33.41
V1-256t,315,9.99,7.11,2.18,-0.20,-0.17,33.39
V1-256t,400,20.54,13.56,3.79,-0.26,-0.74,33.33
V1-256t,500,27.62,27.17,6.02,-0.30,-1.44,33.29
V1-256t,630,35.10,34.63,8.23,-0.42,-1.61,33.17
V1-256t,800,47.91,40.28,12.36,-0.65,-1.52,32.94
V1-256t,1000,43.05,36.96,18.55,-0.27,-1.26,33.31
V1-256t,1250,45.34,43.44,17.84,-0.40,-1.39,33.18
V1-256t,1600,44.30,43.66,30.93,-0.59,-1.64,32.96
V1-256t,2000,43.41,43.41,29.50,-0.58,-1.58,32.95
V1-256t,2500,43.62,43.62,33.58,-0.57,-1.42,32.92
V1-256t,3150,49.18,47.39,32.28,-0.54,-1.42,32.89
V1-256t,4000,45.55,44.08,33.53,-0.53,-1.28,32.80
V1-256t,5000,36.35,34.82,33.87,-0.60,-1.49,32.58
V1-256t,6300,5.88,5.88,23.08,-0.22,-1.17,32.73
V1n-ideal,250,5.84,4.26,1.35,-0.17,-0.00,33.43
V1n-ideal,315,10.04,7.12,2.17,-0.17,-0.00,33.42
V1n-ideal,400,19.46,12.81,3.59,-0.17,-0.05,33.42
V1n-ideal,500,27.61,24.50,5.63,-0.21,-1.18,33.38
V1n-ideal,630,33.11,26.45,9.43,-0.26,-1.45,33.33
V1n-ideal,800,44.78,20.34,21.47,-0.08,-0.22,33.51
V1n-ideal,1000,46.35,27.27,15.81,-0.17,-0.61,33.41
V1n-ideal,1250,46.06,42.22,17.69,-0.40,-1.31,33.18
V1n-ideal,1600,44.50,43.55,31.06,-0.59,-1.72,32.96
V1n-ideal,2000,43.52,43.52,29.48,-0.59,-1.60,32.94
V1n-ideal,2500,43.56,43.56,33.53,-0.57,-1.38,32.92
V1n-ideal,3150,49.24,47.46,32.30,-0.54,-1.36,32.89
V1n-ideal,4000,45.57,44.08,33.55,-0.53,-1.24,32.80
V1n-ideal,5000,36.35,34.82,33.89,-0.60,-1.49,32.58
V1n-ideal,6300,5.88,5.88,23.10,-0.22,-1.19,32.73
V1n-64t,250,6.54,4.75,1.50,-0.48,-2.02,33.12
V1n-64t,315,10.92,7.74,2.35,-0.45,-1.70,33.15
V1n-64t,400,19.74,13.13,3.72,-0.40,-1.19,33.19
V1n-64t,500,32.64,22.92,5.69,-0.37,-0.96,33.22
V1n-64t,630,31.73,29.97,8.80,-0.38,-0.96,33.21
V1n-64t,800,43.44,29.33,14.24,-0.45,-0.93,33.14
V1n-64t,1000,46.62,34.47,25.23,-0.52,-0.87,33.06
V1n-64t,1250,48.45,41.78,22.18,-0.54,-0.89,33.03
V1n-64t,1600,47.47,41.27,26.67,-0.54,-1.35,33.02
V1n-64t,2000,43.06,42.68,28.80,-0.61,-1.66,32.92
V1n-64t,2500,43.26,41.65,35.08,-0.62,-1.66,32.87
V1n-64t,3150,47.84,45.66,32.45,-0.51,-1.38,32.92
V1n-64t,4000,45.28,43.44,33.99,-0.56,-1.44,32.77
V1n-64t,5000,36.18,34.68,34.63,-0.61,-1.66,32.57
V1n-64t,6300,5.89,5.84,23.01,-0.27,-1.13,32.69
V1n-128t,250,6.42,4.65,1.46,-0.19,-0.51,33.41
V1n-128t,315,11.01,7.76,2.34,-0.28,-0.83,33.32
V1n-128t,400,20.78,13.65,3.82,-0.39,-1.21,33.21
V1n-128t,500,30.84,25.22,6.07,-0.42,-1.25,33.18
V1n-128t,630,32.63,25.18,10.09,-0.29,-1.11,33.31
V1n-128t,800,44.54,21.87,19.74,-0.13,-0.21,33.45
V1n-128t,1000,49.96,26.02,17.65,-0.20,-0.55,33.38
V1n-128t,1250,45.18,41.71,17.36,-0.38,-1.23,33.19
V1n-128t,1600,43.14,42.57,31.43,-0.64,-1.63,32.92
V1n-128t,2000,43.43,43.43,29.51,-0.58,-1.54,32.95
V1n-128t,2500,43.35,43.35,33.91,-0.57,-1.49,32.92
V1n-128t,3150,48.45,48.45,31.41,-0.54,-1.40,32.89
V1n-128t,4000,44.96,44.73,34.01,-0.54,-1.37,32.79
V1n-128t,5000,35.99,34.85,34.00,-0.60,-1.58,32.58
V1n-128t,6300,5.91,5.91,23.34,-0.23,-1.12,32.73
V1n-256t,250,5.68,4.15,1.32,-0.19,-0.32,33.41
V1n-256t,315,10.05,7.13,2.17,-0.17,0.05,33.43
V1n-256t,400,20.41,13.25,3.66,-0.16,-0.07,33.44
V1n-256t,500,28.07,25.20,5.77,-0.23,-1.46,33.36
V1n-256t,630,33.26,26.77,9.51,-0.27,-1.61,33.32
V1n-256t,800,45.20,20.65,20.34,-0.09,-0.37,33.50
V1n-256t,1000,45.61,26.48,16.15,-0.17,-0.56,33.41
V1n-256t,1250,46.12,43.23,17.77,-0.39,-1.37,33.18
V1n-256t,1600,44.31,43.71,31.36,-0.59,-1.63,32.96
V1n-256t,2000,43.42,43.42,29.49,-0.59,-1.55,32.94
V1n-256t,2500,43.61,43.61,33.46,-0.57,-1.40,32.92
V1n-256t,3150,49.19,47.41,32.27,-0.54,-1.41,32.89
V1n-256t,4000,45.55,44.08,33.53,-0.53,-1.27,32.79
V1n-256t,5000,36.35,34.84,33.87,-0.60,-1.49,32.58
V1n-256t,6300,5.88,5.88,23.08,-0.22,-1.17,32.73
V2-ideal,250,5.84,4.26,1.35,-0.17,-0.00,33.43
V2-ideal,315,10.04,7.12,2.17,-0.17,-0.00,33.42
V2-ideal,400,19.47,12.86,3.61,-0.19,-0.42,33.41
V2-ideal,500,28.14,26.14,6.30,-0.45,-2.01,33.15
V2-ideal,630,36.80,31.65,9.67,-0.54,-1.83,33.05
V2-ideal,800,42.38,42.38,13.65,-0.80,-1.92,32.78
V2-ideal,1000,41.15,41.15,21.96,-0.70,-2.24,32.88
V2-ideal,1250,45.28,45.28,27.07,-0.69,-2.24,32.89
V2-ideal,1600,44.36,44.36,28.36,-0.66,-1.87,32.90
V2-ideal,2000,43.57,43.57,28.32,-0.60,-1.76,32.93
V2-ideal,2500,43.66,43.66,31.85,-0.56,-1.43,32.93
V2-ideal,3150,50.06,50.06,30.41,-0.51,-1.17,32.92
V2-ideal,4000,44.46,44.46,32.18,-0.48,-1.04,32.85
V2-ideal,5000,35.64,35.42,35.46,-0.62,-1.53,32.57
V2-ideal,6300,5.87,5.87,22.77,-0.22,-1.27,32.73
V2-64t,250,7.25,5.21,1.62,-0.53,-3.19,33.07
V2-64t,315,12.34,8.54,2.52,-0.50,-2.90,33.10
V2-64t,400,23.46,14.68,3.96,-0.47,-2.43,33.12
V2-64t,500,28.38,26.22,5.95,-0.48,-1.74,33.11
V2-64t,630,32.13,31.30,8.86,-0.55,-1.03,33.04
V2-64t,800,34.58,34.58,13.23,-0.69,-1.54,32.90
V2-64t,1000,40.19,40.19,20.50,-0.80,-1.71,32.78
V2-64t,1250,42.30,42.30,30.04,-0.77,-1.71,32.80
V2-64t,1600,44.23,44.23,29.52,-0.64,-1.49,32.91
V2-64t,2000,43.62,43.62,31.42,-0.65,-1.53,32.88
V2-64t,2500,44.18,44.18,29.83,-0.64,-1.54,32.85
V2-64t,3150,49.29,49.29,27.11,-0.46,-1.15,32.97
V2-64t,4000,45.08,45.08,31.94,-0.52,-1.22,32.81
V2-64t,5000,35.20,34.73,35.56,-0.62,-1.52,32.56
V2-64t,6300,5.87,5.83,22.65,-0.29,-1.22,32.67
V2-128t,250,6.38,4.63,1.46,-0.27,-1.24,33.33
V2-128t,315,11.28,7.94,2.39,-0.39,-1.99,33.21
V2-128t,400,22.49,14.48,3.97,-0.56,-2.42,33.03
V2-128t,500,27.57,27.57,6.23,-0.71,-2.43,32.89
V2-128t,630,33.53,31.82,9.41,-0.75,-2.05,32.84
V2-128t,800,36.88,36.88,13.59,-0.75,-1.64,32.84
V2-128t,1000,40.58,40.58,20.83,-0.75,-2.05,32.83
V2-128t,1250,45.70,43.82,27.28,-0.69,-1.96,32.88
V2-128t,1600,43.10,43.10,25.96,-0.66,-1.85,32.90
V2-128t,2000,43.38,43.38,27.47,-0.61,-1.94,32.92
V2-128t,2500,43.14,43.14,32.01,-0.57,-1.33,32.92
V2-128t,3150,49.02,49.02,30.04,-0.51,-1.26,32.92
V2-128t,4000,43.90,43.90,33.02,-0.48,-1.10,32.85
V2-128t,5000,35.46,35.39,35.46,-0.61,-1.43,32.57
V2-128t,6300,5.88,5.88,23.10,-0.24,-1.25,32.72
V2-256t,250,5.61,4.10,1.30,-0.19,-0.01,33.41
V2-256t,315,10.00,7.13,2.18,-0.21,-0.69,33.39
V2-256t,400,20.69,13.78,3.87,-0.37,-1.72,33.23
V2-256t,500,27.64,27.64,6.45,-0.53,-2.04,33.06
V2-256t,630,35.80,31.93,9.63,-0.59,-1.83,33.00
V2-256t,800,41.20,41.20,13.52,-0.77,-1.83,32.82
V2-256t,1000,40.90,40.90,22.10,-0.70,-2.18,32.88
V2-256t,1250,45.06,45.06,27.24,-0.68,-2.19,32.89
V2-256t,1600,44.34,44.34,28.16,-0.65,-1.85,32.90
V2-256t,2000,43.56,43.56,28.31,-0.60,-1.78,32.93
V2-256t,2500,43.74,43.74,31.94,-0.57,-1.45,32.93
V2-256t,3150,50.01,50.01,30.42,-0.51,-1.18,32.92
V2-256t,4000,44.49,44.49,32.16,-0.47,-1.03,32.85
V2-256t,5000,35.65,35.41,35.41,-0.62,-1.53,32.57
V2-256t,6300,5.87,5.87,22.76,-0.22,-1.27,32.73
