design,dev_vs_dolph_table_20-300_db,dev_vs_dolph_table_300-420_db,dev_vs_dolph_table_6.2k-8k_db,dev_vs_dolph_table_8k-20k_db,dev_vs_dolph_table_0.7k-5.2k_db,st1_history_samples,io1_input_samples_odd_len,io1_input_samples_padded_slot
V1-64t,-6.4,-10.0,-14.9,-16.1,-3.8,62,126,127
V1-128t,-16.1,-16.1,-15.3,-17.1,-3.9,126,190,191
V1-256t,-19.2,-13.9,-31.5,-33.5,-4.1,254,318,319
V1n-64t,-6.5,-9.5,-16.9,-18.1,-3.9,62,126,127
V1n-128t,-13.7,-12.3,-16.6,-18.7,-3.9,126,190,191
V1n-256t,-26.5,-25.2,-30.6,-33.7,-4.1,254,318,319
V2-64t,-3.6,-5.8,-12.8,-14.3,-3.5,62,126,127
V2-128t,-10.0,-7.0,-15.5,-16.9,-3.3,126,190,191
V2-256t,-18.9,-10.5,-29.3,-35.2,-3.5,254,318,319
