design,bw6_1k_deg,bw6_2k_deg,bw6_4k_deg,onaxis_level_global_vs_d20_db,onaxis_level_L1bound_vs_d20_db,jyt_worst_grade_of_8_evaluable(0=below g3; 180deg NA),group_delay_samples
Dolph-20,29.27,14.51,7.24,0.00,0.00,2,0
Dolph-35,37.36,18.43,9.18,-2.47,-2.47,2,0
V1-ideal,29.39,16.80,8.33,-1.73,nan,1,0
V1-64t,35.27,16.80,8.51,-2.59,-6.48,1,31
V1-128t,32.36,16.55,8.32,-1.77,-6.76,1,63
V1-256t,29.55,16.82,8.33,-1.64,-6.44,1,127
V1n-ideal,28.48,16.80,8.33,-1.73,nan,2,0
V1n-64t,33.16,16.94,8.42,-2.55,-6.17,1,31
V1n-128t,29.35,16.68,8.31,-1.63,-6.70,2,63
V1n-256t,28.63,16.78,8.35,-1.63,-5.55,2,127
V2-ideal,33.74,16.87,8.17,-2.24,nan,1,0
V2-64t,34.51,17.08,8.31,-3.69,-6.71,1,31
V2-128t,34.26,16.83,8.18,-2.43,-7.75,1,63
V2-256t,33.52,16.88,8.15,-2.19,-7.19,1,127
