variant,taps,channel,h0,h1,h2,h3,h4,h5,h6,h7,h8,h9,h10,h11,h12,h13,h14,h15,h16,h17,h18,h19,h20,h21,h22,h23,h24,h25,h26,h27,h28,h29,h30,h31,h32,h33,h34,h35,h36,h37,h38,h39,h40,h41,h42,h43,h44,h45,h46,h47,h48,h49,h50,h51,h52,h53,h54,h55,h56,h57,h58,h59,h60,h61,h62,h63,h64,h65,h66,h67,h68,h69,h70,h71,h72,h73,h74,h75,h76,h77,h78,h79,h80,h81,h82,h83,h84,h85,h86,h87,h88,h89,h90,h91,h92,h93,h94,h95,h96,h97,h98,h99,h100,h101,h102,h103,h104,h105,h106,h107,h108,h109,h110,h111,h112,h113,h114,h115,h116,h117,h118,h119,h120,h121,h122,h123,h124,h125,h126
V1,127,0,-3.3874847525e-03,1.9898709080e-03,7.9752965012e-04,-2.4015679560e-04,-9.3040135382e-04,-7.6785459642e-04,-2.9433374382e-04,1.8525507065e-04,3.1050528989e-04,1.2738308417e-04,-2.1760817762e-04,-4.5782302548e-04,-4.7225847652e-04,-2.6656174907e-04,6.3493186052e-06,1.8390110074e-04,1.7481949049e-04,1.1508733461e-05,-1.7819284515e-04,-2.6388382084e-04,-1.7686735830e-04,3.0611846894e-05,2.4335557203e-04,3.2502060851e-04,2.3078279123e-04,1.4896622752e-06,-2.2142100767e-04,-3.1412752460e-04,-2.0152230854e-04,5.5309344821e-05,3.3301188676e-04,4.6809618927e-04,3.9519052857e-04,1.4119699981e-04,-1.3552229903e-04,-2.7724991520e-04,-1.6539340976e-04,1.5692262970e-04,5.4866042335e-04,7.8733805438e-04,7.4019908117e-04,3.9137416107e-04,-8.1240977022e-05,-4.3891487005e-04,-4.4700726713e-04,-5.8021470500e-05,6.0166823910e-04,1.2220673450e-03,1.5117866633e-03,1.2948527340e-03,6.7791048907e-04,-2.6425359295e-05,-3.6897474543e-04,-3.2389848077e-05,1.0497957221e-03,2.5515970109e-03,3.8966293045e-03,4.4042051241e-03,3.6220917060e-03,1.4768233196e-03,-1.5884460405e-03,-4.7888974935e-03,-7.1900287563e-03,5.9182809427e-02,-7.1900287563e-03,-4.7888974935e-03,-1.5884460405e-03,1.4768233196e-03,3.6220917060e-03,4.4042051241e-03,3.8966293045e-03,2.5515970109e-03,1.0497957221e-03,-3.2389848077e-05,-3.6897474543e-04,-2.6425359295e-05,6.7791048907e-04,1.2948527340e-03,1.5117866633e-03,1.2220673450e-03,6.0166823910e-04,-5.8021470500e-05,-4.4700726713e-04,-4.3891487005e-04,-8.1240977022e-05,3.9137416107e-04,7.4019908117e-04,7.8733805438e-04,5.4866042335e-04,1.5692262970e-04,-1.6539340976e-04,-2.7724991520e-04,-1.3552229903e-04,1.4119699981e-04,3.9519052857e-04,4.6809618927e-04,3.3301188676e-04,5.5309344821e-05,-2.0152230854e-04,-3.1412752460e-04,-2.2142100767e-04,1.4896622752e-06,2.3078279123e-04,3.2502060851e-04,2.4335557203e-04,3.0611846894e-05,-1.7686735830e-04,-2.6388382084e-04,-1.7819284515e-04,1.1508733461e-05,1.7481949049e-04,1.8390110074e-04,6.3493186052e-06,-2.6656174907e-04,-4.7225847652e-04,-4.5782302548e-04,-2.1760817762e-04,1.2738308417e-04,3.1050528989e-04,1.8525507065e-04,-2.9433374382e-04,-7.6785459642e-04,-9.3040135382e-04,-2.4015679560e-04,7.9752965012e-04,1.9898709080e-03,-3.3874847525e-03
V1,127,1,-1.2049594672e-03,1.6288557051e-04,2.0418556156e-04,8.0422492905e-05,-1.4571398776e-04,-2.2526685638e-04,-1.7557308113e-04,-3.2468742522e-05,7.9676135911e-05,1.0755003720e-04,4.1665751950e-05,-5.3273507053e-05,-1.1250118381e-04,-9.4848227915e-05,-1.6122742922e-05,7.3835288399e-05,1.2139318412e-04,1.0361556632e-04,4.0918222686e-05,-2.1109514742e-05,-3.7030583246e-05,5.0109032006e-06,8.3671915098e-05,1.5071725312e-04,1.6907935590e-04,1.2606289431e-04,5.0642540929e-05,-1.4051308515e-05,-2.5578391872e-05,2.1035610259e-05,1.0079949891e-04,1.6008334755e-04,1.5951277472e-04,8.5543706828e-05,-2.5533853478e-05,-1.1675160404e-04,-1.2582947403e-04,-3.2814772255e-05,1.3953431434e-04,3.1919511761e-04,4.3322128961e-04,4.3155968779e-04,3.3143061872e-04,2.0098029230e-04,1.4545170559e-04,2.4141763848e-04,5.0870484409e-04,8.7527734004e-04,1.2145406108e-03,1.3809111951e-03,1.2897020172e-03,9.4359114485e-04,4.5243270596e-04,-2.6603276344e-05,-3.4169625269e-04,-4.2954477987e-04,-3.2799851840e-04,-1.7238007279e-04,-1.1415529097e-04,-2.6159057628e-04,-6.0908311427e-04,-1.0516043448e-03,-1.4163803981e-03,3.7577478730e-02,-1.4163803981e-03,-1.0516043448e-03,-6.0908311427e-04,-2.6159057628e-04,-1.1415529097e-04,-1.7238007279e-04,-3.2799851840e-04,-4.2954477987e-04,-3.4169625269e-04,-2.6603276344e-05,4.5243270596e-04,9.4359114485e-04,1.2897020172e-03,1.3809111951e-03,1.2145406108e-03,8.7527734004e-04,5.0870484409e-04,2.4141763848e-04,1.4545170559e-04,2.0098029230e-04,3.3143061872e-04,4.3155968779e-04,4.3322128961e-04,3.1919511761e-04,1.3953431434e-04,-3.2814772255e-05,-1.2582947403e-04,-1.1675160404e-04,-2.5533853478e-05,8.5543706828e-05,1.5951277472e-04,1.6008334755e-04,1.0079949891e-04,2.1035610259e-05,-2.5578391872e-05,-1.4051308515e-05,5.0642540929e-05,1.2606289431e-04,1.6907935590e-04,1.5071725312e-04,8.3671915098e-05,5.0109032006e-06,-3.7030583246e-05,-2.1109514742e-05,4.0918222686e-05,1.0361556632e-04,1.2139318412e-04,7.3835288399e-05,-1.6122742922e-05,-9.4848227915e-05,-1.1250118381e-04,-5.3273507053e-05,4.1665751950e-05,1.0755003720e-04,7.9676135911e-05,-3.2468742522e-05,-1.7557308113e-04,-2.2526685638e-04,-1.4571398776e-04,8.0422492905e-05,2.0418556156e-04,1.6288557051e-04,-1.2049594672e-03
V1,127,2,-1.2053929015e-03,6.7262221596e-05,1.3855890502e-04,5.6061170005e-05,-1.5718386300e-04,-2.6783526838e-04,-2.6613660745e-04,-1.5280924769e-04,-2.8834623990e-05,4.7209097089e-05,4.0815943237e-05,-1.2137694297e-05,-6.0835215790e-05,-5.7754939060e-05,1.8542705845e-06,8.8232594850e-05,1.5524792761e-04,1.7143145587e-04,1.3937185938e-04,8.9498140323e-05,6.4052852033e-05,8.5493276198e-05,1.4980788536e-04,2.2249418225e-04,2.6817467793e-04,2.6350431506e-04,2.2095754709e-04,1.7223080084e-04,1.6064556446e-04,2.0522119431e-04,2.9993354157e-04,4.0381442350e-04,4.7391085123e-04,4.7613815705e-04,4.1711660613e-04,3.3029270551e-04,2.7357694269e-04,2.8724178210e-04,3.8501738475e-04,5.2954806209e-04,6.5871968241e-04,6.9682142217e-04,6.0159897569e-04,3.7029511816e-04,5.8202812155e-05,-2.5590925990e-04,-4.8560404287e-04,-5.8502418922e-04,-5.5091628028e-04,-4.3611631696e-04,-3.1049229230e-04,-2.4541027379e-04,-2.6962246869e-04,-3.7443039879e-04,-5.0548219189e-04,-6.0278795266e-04,-6.1084209155e-04,-5.1412667105e-04,-3.2415604160e-04,-8.6188871613e-05,1.5465452391e-04,3.5165820370e-04,4.8087601466e-04,4.8768086566e-02,4.8087601466e-04,3.5165820370e-04,1.5465452391e-04,-8.6188871613e-05,-3.2415604160e-04,-5.1412667105e-04,-6.1084209155e-04,-6.0278795266e-04,-5.0548219189e-04,-3.7443039879e-04,-2.6962246869e-04,-2.4541027379e-04,-3.1049229230e-04,-4.3611631696e-04,-5.5091628028e-04,-5.8502418922e-04,-4.8560404287e-04,-2.5590925990e-04,5.8202812155e-05,3.7029511816e-04,6.0159897569e-04,6.9682142217e-04,6.5871968241e-04,5.2954806209e-04,3.8501738475e-04,2.8724178210e-04,2.7357694269e-04,3.3029270551e-04,4.1711660613e-04,4.7613815705e-04,4.7391085123e-04,4.0381442350e-04,2.9993354157e-04,2.0522119431e-04,1.6064556446e-04,1.7223080084e-04,2.2095754709e-04,2.6350431506e-04,2.6817467793e-04,2.2249418225e-04,1.4980788536e-04,8.5493276198e-05,6.4052852033e-05,8.9498140323e-05,1.3937185938e-04,1.7143145587e-04,1.5524792761e-04,8.8232594850e-05,1.8542705845e-06,-5.7754939060e-05,-6.0835215790e-05,-1.2137694297e-05,4.0815943237e-05,4.7209097089e-05,-2.8834623990e-05,-1.5280924769e-04,-2.6613660745e-04,-2.6783526838e-04,-1.5718386300e-04,5.6061170005e-05,1.3855890502e-04,6.7262221596e-05,-1.2053929015e-03
V1,127,3,-6.8334264274e-04,-5.0033613498e-05,2.9398754477e-05,1.4213308798e-05,-8.9165676301e-05,-1.5248379302e-04,-1.5736325686e-04,-9.6455148409e-05,-2.2024519225e-05,2.9559363821e-05,3.4025737137e-05,7.6129529701e-06,-2.0092896073e-05,-1.8080546446e-05,2.1579588447e-05,8.4688748561e-05,1.4403603412e-04,1.7789844208e-04,1.8373232724e-04,1.7719989977e-04,1.8354338884e-04,2.1836085072e-04,2.8077027863e-04,3.4932601804e-04,3.9822141579e-04,4.0714517634e-04,3.7767287508e-04,3.2733787730e-04,2.8576463162e-04,2.7310532727e-04,2.9498352460e-04,3.3254686298e-04,3.5672099954e-04,3.3420113193e-04,2.4828574240e-04,9.9102685758e-05,-8.8892251206e-05,-2.8209503264e-04,-4.4103527589e-04,-5.3958215370e-04,-5.6487627975e-04,-5.2837647844e-04,-4.5454825361e-04,-3.8046894060e-04,-3.3505757928e-04,-3.3497153182e-04,-3.6847902318e-04,-4.0550925021e-04,-4.0139692673e-04,-3.2510163463e-04,-1.6972437662e-04,2.9878785470e-05,2.1348970416e-04,3.1073283625e-04,2.8091548859e-04,1.2857218635e-04,-8.3317584290e-05,-2.6235300280e-04,-3.1637175164e-04,-2.0267403229e-04,5.7030780909e-05,3.7309278654e-04,6.3048146470e-04,5.7641597067e-02,6.3048146470e-04,3.7309278654e-04,5.7030780909e-05,-2.0267403229e-04,-3.1637175164e-04,-2.6235300280e-04,-8.3317584290e-05,1.2857218635e-04,2.8091548859e-04,3.1073283625e-04,2.1348970416e-04,2.9878785470e-05,-1.6972437662e-04,-3.2510163463e-04,-4.0139692673e-04,-4.0550925021e-04,-3.6847902318e-04,-3.3497153182e-04,-3.3505757928e-04,-3.8046894060e-04,-4.5454825361e-04,-5.2837647844e-04,-5.6487627975e-04,-5.3958215370e-04,-4.4103527589e-04,-2.8209503264e-04,-8.8892251206e-05,9.9102685758e-05,2.4828574240e-04,3.3420113193e-04,3.5672099954e-04,3.3254686298e-04,2.9498352460e-04,2.7310532727e-04,2.8576463162e-04,3.2733787730e-04,3.7767287508e-04,4.0714517634e-04,3.9822141579e-04,3.4932601804e-04,2.8077027863e-04,2.1836085072e-04,1.8354338884e-04,1.7719989977e-04,1.8373232724e-04,1.7789844208e-04,1.4403603412e-04,8.4688748561e-05,2.1579588447e-05,-1.8080546446e-05,-2.0092896073e-05,7.6129529701e-06,3.4025737137e-05,2.9559363821e-05,-2.2024519225e-05,-9.6455148409e-05,-1.5736325686e-04,-1.5248379302e-04,-8.9165676301e-05,1.4213308798e-05,2.9398754477e-05,-5.0033613498e-05,-6.8334264274e-04
V1,127,4,5.0312304267e-04,-3.4918212121e-04,-1.7308756997e-04,-1.7528717403e-06,1.2480115388e-04,1.1752691055e-04,5.4490757389e-05,-1.5989208173e-05,-3.3591530679e-05,-8.9553359868e-07,6.1731612694e-05,1.1336049116e-04,1.3456149646e-04,1.2512041369e-04,1.0689159383e-04,1.0202745583e-04,1.2073371121e-04,1.5460287502e-04,1.8286096251e-04,1.8765640148e-04,1.6304779825e-04,1.2141565949e-04,8.1471653591e-05,6.0207606277e-05,5.6631982071e-05,5.6120065982e-05,3.2375253811e-05,-3.1474392949e-05,-1.3790466846e-04,-2.6417252802e-04,-3.7784871335e-04,-4.4419480901e-04,-4.4977587924e-04,-4.0184403224e-04,-3.3284740433e-04,-2.7750651851e-04,-2.6378107254e-04,-2.9099922746e-04,-3.3742361398e-04,-3.6233413583e-04,-3.3452584128e-04,-2.4134286202e-04,-1.0651384466e-04,2.5889278642e-05,1.0163008286e-04,9.0461889030e-05,-5.7894162878e-06,-1.4206295738e-04,-2.5723845889e-04,-2.9404864289e-04,-2.3745714747e-04,-1.1751688521e-04,-7.7196925146e-06,1.8179169345e-05,-8.2810005138e-05,-2.8377895186e-04,-4.9691848593e-04,-5.9503099372e-04,-4.7479188597e-04,-9.9040359497e-05,4.6606232112e-04,1.0741296032e-03,1.5391148157e-03,6.6337601121e-02,1.5391148157e-03,1.0741296032e-03,4.6606232112e-04,-9.9040359497e-05,-4.7479188597e-04,-5.9503099372e-04,-4.9691848593e-04,-2.8377895186e-04,-8.2810005138e-05,1.8179169345e-05,-7.7196925146e-06,-1.1751688521e-04,-2.3745714747e-04,-2.9404864289e-04,-2.5723845889e-04,-1.4206295738e-04,-5.7894162878e-06,9.0461889030e-05,1.0163008286e-04,2.5889278642e-05,-1.0651384466e-04,-2.4134286202e-04,-3.3452584128e-04,-3.6233413583e-04,-3.3742361398e-04,-2.9099922746e-04,-2.6378107254e-04,-2.7750651851e-04,-3.3284740433e-04,-4.0184403224e-04,-4.4977587924e-04,-4.4419480901e-04,-3.7784871335e-04,-2.6417252802e-04,-1.3790466846e-04,-3.1474392949e-05,3.2375253811e-05,5.6120065982e-05,5.6631982071e-05,6.0207606277e-05,8.1471653591e-05,1.2141565949e-04,1.6304779825e-04,1.8765640148e-04,1.8286096251e-04,1.5460287502e-04,1.2073371121e-04,1.0202745583e-04,1.0689159383e-04,1.2512041369e-04,1.3456149646e-04,1.1336049116e-04,6.1731612694e-05,-8.9553359868e-07,-3.3591530679e-05,-1.5989208173e-05,5.4490757389e-05,1.1752691055e-04,1.2480115388e-04,-1.7528717403e-06,-1.7308756997e-04,-3.4918212121e-04,5.0312304267e-04
V1,127,5,1.5721824586e-03,-6.2757147387e-04,-2.8714231195e-04,7.1639356877e-05,3.7152214388e-04,3.5449824036e-04,1.9083566709e-04,-1.3692063860e-05,-9.7552855399e-05,-5.2579113497e-05,7.9537973583e-05,1.8786028608e-04,2.0534506240e-04,1.1433679573e-04,-3.2125888858e-05,-1.6199904325e-04,-2.2241817695e-04,-2.1092468946e-04,-1.7240537771e-04,-1.6279347973e-04,-2.1864824384e-04,-3.2538676727e-04,-4.3625558274e-04,-4.8879024870e-04,-4.5563491622e-04,-3.4748452148e-04,-2.2346924338e-04,-1.4207926424e-04,-1.4512414236e-04,-2.1617976398e-04,-3.0741463087e-04,-3.4717457056e-04,-2.9949918693e-04,-1.6576481261e-04,-6.3047039776e-06,1.1075728734e-04,1.2424538011e-04,3.4063836997e-05,-1.1890328163e-04,-2.5108888837e-04,-3.0108987669e-04,-2.3969445502e-04,-1.0857087176e-04,2.2445874087e-05,6.7978161393e-05,-5.1978774964e-06,-1.8139565741e-04,-3.7703703507e-04,-5.0308425737e-04,-4.8569691447e-04,-3.2929402150e-04,-9.6068687918e-05,9.5149441509e-05,1.4768919580e-04,1.2072992329e-05,-2.5822216960e-04,-5.4424208212e-04,-6.8123365064e-04,-5.5192697979e-04,-1.1645529678e-04,5.3612416911e-04,1.2365761102e-03,1.7678502595e-03,7.2861100245e-02,1.7678502595e-03,1.2365761102e-03,5.3612416911e-04,-1.1645529678e-04,-5.5192697979e-04,-6.8123365064e-04,-5.4424208212e-04,-2.5822216960e-04,1.2072992329e-05,1.4768919580e-04,9.5149441509e-05,-9.6068687918e-05,-3.2929402150e-04,-4.8569691447e-04,-5.0308425737e-04,-3.7703703507e-04,-1.8139565741e-04,-5.1978774964e-06,6.7978161393e-05,2.2445874087e-05,-1.0857087176e-04,-2.3969445502e-04,-3.0108987669e-04,-2.5108888837e-04,-1.1890328163e-04,3.4063836997e-05,1.2424538011e-04,1.1075728734e-04,-6.3047039776e-06,-1.6576481261e-04,-2.9949918693e-04,-3.4717457056e-04,-3.0741463087e-04,-2.1617976398e-04,-1.4512414236e-04,-1.4207926424e-04,-2.2346924338e-04,-3.4748452148e-04,-4.5563491622e-04,-4.8879024870e-04,-4.3625558274e-04,-3.2538676727e-04,-2.1864824384e-04,-1.6279347973e-04,-1.7240537771e-04,-2.1092468946e-04,-2.2241817695e-04,-1.6199904325e-04,-3.2125888858e-05,1.1433679573e-04,2.0534506240e-04,1.8786028608e-04,7.9537973583e-05,-5.2579113497e-05,-9.7552855399e-05,-1.3692063860e-05,1.9083566709e-04,3.5449824036e-04,3.7152214388e-04,7.1639356877e-05,-2.8714231195e-04,-6.2757147387e-04,1.5721824586e-03
V1,127,6,3.1311140181e-03,-1.2008860017e-03,-7.3177018153e-04,-9.4516014732e-05,5.4135774564e-04,5.9933101297e-04,3.2610718762e-04,-1.1283819790e-04,-3.8892695707e-04,-4.3042069192e-04,-2.5652320947e-04,-4.6638924676e-05,6.4150774333e-05,4.9101817781e-06,-1.6541355856e-04,-3.3272100308e-04,-3.9036653176e-04,-3.0707349481e-04,-1.4215040935e-04,3.7347121504e-06,3.8578355515e-05,-5.0257707618e-05,-2.1128722129e-04,-3.3858057198e-04,-3.6055011709e-04,-2.5369916165e-04,-8.5112329526e-05,5.8325857231e-05,8.7130721933e-05,-5.6638484226e-06,-1.7619842376e-04,-3.1828033579e-04,-3.6057547398e-04,-2.6836629201e-04,-1.0212732140e-04,5.5658164430e-05,1.0588236032e-04,2.9112268207e-05,-1.4400291718e-04,-3.0612077810e-04,-3.7339482862e-04,-2.8868482726e-04,-9.7817021457e-05,1.1555436356e-04,2.2787906646e-04,1.8439716112e-04,-1.5515554460e-05,-2.7048556224e-04,-4.7219040955e-04,-5.1484635544e-04,-3.9663933759e-04,-1.7875858362e-04,-4.6061516727e-06,1.6867953164e-05,-1.7697220839e-04,-5.1465246994e-04,-8.5708187541e-04,-1.0025030103e-03,-8.1961424319e-04,-2.6206520491e-04,5.5137543700e-04,1.4177959710e-03,2.0691688330e-03,7.7632646168e-02,2.0691688330e-03,1.4177959710e-03,5.5137543700e-04,-2.6206520491e-04,-8.1961424319e-04,-1.0025030103e-03,-8.5708187541e-04,-5.1465246994e-04,-1.7697220839e-04,1.6867953164e-05,-4.6061516727e-06,-1.7875858362e-04,-3.9663933759e-04,-5.1484635544e-04,-4.7219040955e-04,-2.7048556224e-04,-1.5515554460e-05,1.8439716112e-04,2.2787906646e-04,1.1555436356e-04,-9.7817021457e-05,-2.8868482726e-04,-3.7339482862e-04,-3.0612077810e-04,-1.4400291718e-04,2.9112268207e-05,1.0588236032e-04,5.5658164430e-05,-1.0212732140e-04,-2.6836629201e-04,-3.6057547398e-04,-3.1828033579e-04,-1.7619842376e-04,-5.6638484226e-06,8.7130721933e-05,5.8325857231e-05,-8.5112329526e-05,-2.5369916165e-04,-3.6055011709e-04,-3.3858057198e-04,-2.1128722129e-04,-5.0257707618e-05,3.8578355515e-05,3.7347121504e-06,-1.4215040935e-04,-3.0707349481e-04,-3.9036653176e-04,-3.3272100308e-04,-1.6541355856e-04,4.9101817781e-06,6.4150774333e-05,-4.6638924676e-05,-2.5652320947e-04,-4.3042069192e-04,-3.8892695707e-04,-1.1283819790e-04,3.2610718762e-04,5.9933101297e-04,5.4135774564e-04,-9.4516014732e-05,-7.3177018153e-04,-1.2008860017e-03,3.1311140181e-03
V1,127,7,1.2747602445e-03,7.6545102234e-06,2.2327192277e-05,1.1408935348e-04,2.8478383749e-04,3.4208435032e-04,3.2197307716e-04,2.3899753786e-04,1.8074906060e-04,1.7219375671e-04,2.1635436847e-04,2.6103942131e-04,2.6163043901e-04,1.9287807128e-04,7.6987418894e-05,-3.7965142060e-05,-1.0344563885e-04,-1.0105888847e-04,-5.4134739598e-05,-1.0302338411e-05,-1.6676209250e-05,-8.5248061621e-05,-1.9153450067e-04,-2.8039484749e-04,-3.0670518966e-04,-2.5313843076e-04,-1.5164563635e-04,-5.6162045057e-05,-2.3411406784e-05,-6.8655336252e-05,-1.6726668384e-04,-2.5489110795e-04,-2.7548461392e-04,-2.0110485872e-04,-6.3066766341e-05,7.5697194711e-05,1.4019152443e-04,9.8568515358e-05,-3.1847033756e-05,-1.7695527807e-04,-2.5825322689e-04,-2.2165664829e-04,-8.4338625896e-05,8.4218883921e-05,1.8092301793e-04,1.3782345109e-04,-5.3589388996e-05,-3.1722569089e-04,-5.4150094125e-04,-6.1995406465e-04,-5.2400533084e-04,-3.0929014049e-04,-1.1014879333e-04,-6.0045631347e-05,-2.3582354489e-04,-5.9118287339e-04,-9.7622866678e-04,-1.1765777229e-03,-1.0210755128e-03,-4.4880897819e-04,4.3228192277e-04,1.3872491636e-03,2.1189177668e-03,7.9998680677e-02,2.1189177668e-03,1.3872491636e-03,4.3228192277e-04,-4.4880897819e-04,-1.0210755128e-03,-1.1765777229e-03,-9.7622866678e-04,-5.9118287339e-04,-2.3582354489e-04,-6.0045631347e-05,-1.1014879333e-04,-3.0929014049e-04,-5.2400533084e-04,-6.1995406465e-04,-5.4150094125e-04,-3.1722569089e-04,-5.3589388996e-05,1.3782345109e-04,1.8092301793e-04,8.4218883921e-05,-8.4338625896e-05,-2.2165664829e-04,-2.5825322689e-04,-1.7695527807e-04,-3.1847033756e-05,9.8568515358e-05,1.4019152443e-04,7.5697194711e-05,-6.3066766341e-05,-2.0110485872e-04,-2.7548461392e-04,-2.5489110795e-04,-1.6726668384e-04,-6.8655336252e-05,-2.3411406784e-05,-5.6162045057e-05,-1.5164563635e-04,-2.5313843076e-04,-3.0670518966e-04,-2.8039484749e-04,-1.9153450067e-04,-8.5248061621e-05,-1.6676209250e-05,-1.0302338411e-05,-5.4134739598e-05,-1.0105888847e-04,-1.0344563885e-04,-3.7965142060e-05,7.6987418894e-05,1.9287807128e-04,2.6163043901e-04,2.6103942131e-04,2.1635436847e-04,1.7219375671e-04,1.8074906060e-04,2.3899753786e-04,3.2197307716e-04,3.4208435032e-04,2.8478383749e-04,1.1408935348e-04,2.2327192277e-05,7.6545102234e-06,1.2747602445e-03
V2,127,0,-3.3930633529e-03,2.0492777506e-03,8.1163439453e-04,-2.8953365558e-04,-1.0299576326e-03,-8.8150371612e-04,-3.9361852244e-04,1.0798515706e-04,2.3794257358e-04,2.9664436705e-05,-3.6763336986e-04,-6.7147565496e-04,-7.4263375989e-04,-5.7485259647e-04,-3.2077632555e-04,-1.5224690829e-04,-1.7320618916e-04,-3.6004670537e-04,-5.8550476323e-04,-7.1183533753e-04,-6.5907032804e-04,-4.7014978601e-04,-2.5718588525e-04,-1.6134820290e-04,-2.3777441896e-04,-4.5720228865e-04,-6.8560770081e-04,-7.9935535037e-04,-7.1550766206e-04,-4.8270979121e-04,-2.1195889323e-04,-6.0030154497e-05,-9.3424616791e-05,-2.9360199595e-04,-5.1291353232e-04,-6.0186296279e-04,-4.4375561508e-04,-7.8523139161e-05,3.5728834212e-04,6.4136745361e-04,6.3526512320e-04,3.1415478920e-04,-1.4849174879e-04,-5.0745459595e-04,-5.0883921094e-04,-8.0837887523e-05,6.6676652663e-04,1.4196747426e-03,1.8581654319e-03,1.7629566925e-03,1.2031165684e-03,4.7974543584e-04,6.6916432107e-05,3.3392884878e-04,1.4017643640e-03,2.9713763385e-03,4.4481795362e-03,5.0921372350e-03,4.3783250322e-03,2.1839622922e-03,-1.0448249456e-03,-4.4648683071e-03,-7.0517788001e-03,5.9248548804e-02,-7.0517788001e-03,-4.4648683071e-03,-1.0448249456e-03,2.1839622922e-03,4.3783250322e-03,5.0921372350e-03,4.4481795362e-03,2.9713763385e-03,1.4017643640e-03,3.3392884878e-04,6.6916432107e-05,4.7974543584e-04,1.2031165684e-03,1.7629566925e-03,1.8581654319e-03,1.4196747426e-03,6.6676652663e-04,-8.0837887523e-05,-5.0883921094e-04,-5.0745459595e-04,-1.4849174879e-04,3.1415478920e-04,6.3526512320e-04,6.4136745361e-04,3.5728834212e-04,-7.8523139161e-05,-4.4375561508e-04,-6.0186296279e-04,-5.1291353232e-04,-2.9360199595e-04,-9.3424616791e-05,-6.0030154497e-05,-2.1195889323e-04,-4.8270979121e-04,-7.1550766206e-04,-7.9935535037e-04,-6.8560770081e-04,-4.5720228865e-04,-2.3777441896e-04,-1.6134820290e-04,-2.5718588525e-04,-4.7014978601e-04,-6.5907032804e-04,-7.1183533753e-04,-5.8550476323e-04,-3.6004670537e-04,-1.7320618916e-04,-1.5224690829e-04,-3.2077632555e-04,-5.7485259647e-04,-7.4263375989e-04,-6.7147565496e-04,-3.6763336986e-04,2.9664436705e-05,2.3794257358e-04,1.0798515706e-04,-3.9361852244e-04,-8.8150371612e-04,-1.0299576326e-03,-2.8953365558e-04,8.1163439453e-04,2.0492777506e-03,-3.3930633529e-03
V2,127,1,-9.4291527381e-04,2.2942718208e-04,2.4315907261e-04,1.0962055389e-04,-9.9997249951e-05,-1.6868916123e-04,-1.1406691436e-04,2.1894560188e-05,1.2200698808e-04,1.3389784230e-04,5.0832159265e-05,-6.4583028614e-05,-1.4698921476e-04,-1.5339183450e-04,-9.4181323531e-05,-1.3969736309e-05,3.6223511652e-05,3.1271570037e-05,-1.4979214735e-05,-6.4122332872e-05,-7.5550197180e-05,-3.6319237416e-05,3.7244028825e-05,1.0421691208e-04,1.3137589430e-04,1.0591400010e-04,5.1358939221e-05,5.5020500301e-06,7.2616296758e-06,6.4362362566e-05,1.5736898200e-04,2.3973631831e-04,2.7396724089e-04,2.4364468498e-04,1.7614030823e-04,1.2021068428e-04,1.3232811344e-04,2.3385418817e-04,4.0630405744e-04,5.8339241549e-04,6.9241830218e-04,6.7980039716e-04,5.5552717516e-04,3.8531976427e-04,2.7867326887e-04,3.2658939029e-04,5.6548871937e-04,9.3628517762e-04,1.3105005919e-03,1.5258750538e-03,1.4678737441e-03,1.1100978227e-03,5.4363960189e-04,-7.1139984545e-05,-5.5969267462e-04,-8.2103542991e-04,-8.5605369961e-04,-7.7305025092e-04,-7.1686336033e-04,-8.0683329752e-04,-1.0636651398e-03,-1.4122946361e-03,-1.7084551316e-03,3.7310730590e-02,-1.7084551316e-03,-1.4122946361e-03,-1.0636651398e-03,-8.0683329752e-04,-7.1686336033e-04,-7.7305025092e-04,-8.5605369961e-04,-8.2103542991e-04,-5.5969267462e-04,-7.1139984545e-05,5.4363960189e-04,1.1100978227e-03,1.4678737441e-03,1.5258750538e-03,1.3105005919e-03,9.3628517762e-04,5.6548871937e-04,3.2658939029e-04,2.7867326887e-04,3.8531976427e-04,5.5552717516e-04,6.7980039716e-04,6.9241830218e-04,5.8339241549e-04,4.0630405744e-04,2.3385418817e-04,1.3232811344e-04,1.2021068428e-04,1.7614030823e-04,2.4364468498e-04,2.7396724089e-04,2.3973631831e-04,1.5736898200e-04,6.4362362566e-05,7.2616296758e-06,5.5020500301e-06,5.1358939221e-05,1.0591400010e-04,1.3137589430e-04,1.0421691208e-04,3.7244028825e-05,-3.6319237416e-05,-7.5550197180e-05,-6.4122332872e-05,-1.4979214735e-05,3.1271570037e-05,3.6223511652e-05,-1.3969736309e-05,-9.4181323531e-05,-1.5339183450e-04,-1.4698921476e-04,-6.4583028614e-05,5.0832159265e-05,1.3389784230e-04,1.2200698808e-04,2.1894560188e-05,-1.1406691436e-04,-1.6868916123e-04,-9.9997249951e-05,1.0962055389e-04,2.4315907261e-04,2.2942718208e-04,-9.4291527381e-04
V2,127,2,2.9314785302e-04,-1.5839398953e-04,-2.3246134422e-05,5.8762771303e-05,9.2536406077e-05,6.1733810976e-05,2.9865189536e-05,1.8922591037e-05,4.3459705618e-05,8.3471817013e-05,1.2208277572e-04,1.4456289568e-04,1.5386787625e-04,1.5824556733e-04,1.6723437486e-04,1.8216596699e-04,1.9826826443e-04,2.0939457559e-04,2.1363366402e-04,2.1592847449e-04,2.2292945773e-04,2.3912593185e-04,2.6073664069e-04,2.8046187790e-04,2.9075866468e-04,2.9399484061e-04,3.0042311257e-04,3.2657607541e-04,3.8085926823e-04,4.5902141926e-04,5.3855713983e-04,5.9197617436e-04,5.9696441670e-04,5.5421760447e-04,4.8593856220e-04,4.3148377719e-04,4.2411344394e-04,4.7806295291e-04,5.7482306864e-04,6.7401918618e-04,7.2527086838e-04,6.9383916337e-04,5.6910835685e-04,3.7178100331e-04,1.3875371979e-04,-8.6478784092e-05,-2.7263459976e-04,-4.0193886262e-04,-4.7606537885e-04,-5.0732573364e-04,-5.2051568792e-04,-5.4327740109e-04,-6.0566852631e-04,-7.2449559669e-04,-8.9680837221e-04,-1.0855622910e-03,-1.2278784728e-03,-1.2471595459e-03,-1.0886473468e-03,-7.4392612108e-04,-2.7249849387e-04,2.1340773318e-04,5.7764388573e-04,4.8957534944e-02,5.7764388573e-04,2.1340773318e-04,-2.7249849387e-04,-7.4392612108e-04,-1.0886473468e-03,-1.2471595459e-03,-1.2278784728e-03,-1.0855622910e-03,-8.9680837221e-04,-7.2449559669e-04,-6.0566852631e-04,-5.4327740109e-04,-5.2051568792e-04,-5.0732573364e-04,-4.7606537885e-04,-4.0193886262e-04,-2.7263459976e-04,-8.6478784092e-05,1.3875371979e-04,3.7178100331e-04,5.6910835685e-04,6.9383916337e-04,7.2527086838e-04,6.7401918618e-04,5.7482306864e-04,4.7806295291e-04,4.2411344394e-04,4.3148377719e-04,4.8593856220e-04,5.5421760447e-04,5.9696441670e-04,5.9197617436e-04,5.3855713983e-04,4.5902141926e-04,3.8085926823e-04,3.2657607541e-04,3.0042311257e-04,2.9399484061e-04,2.9075866468e-04,2.8046187790e-04,2.6073664069e-04,2.3912593185e-04,2.2292945773e-04,2.1592847449e-04,2.1363366402e-04,2.0939457559e-04,1.9826826443e-04,1.8216596699e-04,1.6723437486e-04,1.5824556733e-04,1.5386787625e-04,1.4456289568e-04,1.2208277572e-04,8.3471817013e-05,4.3459705618e-05,1.8922591037e-05,2.9865189536e-05,6.1733810976e-05,9.2536406077e-05,5.8762771303e-05,-2.3246134422e-05,-1.5839398953e-04,2.9314785302e-04
V2,127,3,1.8256856564e-03,-8.5166700102e-04,-4.5604756648e-04,-2.1012723989e-05,3.5010895771e-04,3.4257506728e-04,1.5698505011e-04,-8.0658675068e-05,-1.7484189436e-04,-1.1002447450e-04,7.1205561547e-05,2.4117298950e-04,3.1851055747e-04,2.7399152205e-04,1.5968464674e-04,5.3897858868e-05,2.1458936472e-05,7.7328262174e-05,1.8458988331e-04,2.8752352786e-04,3.3849094857e-04,3.3286129265e-04,2.9301541195e-04,2.6295698736e-04,2.6335076060e-04,2.9686312939e-04,3.3229374983e-04,3.4709060871e-04,3.2442369801e-04,2.8473100467e-04,2.4937343017e-04,2.4457879858e-04,2.5664268260e-04,2.5794811562e-04,1.9775654092e-04,5.9074052993e-05,-1.4853049078e-04,-3.5989414054e-04,-5.0826611158e-04,-5.3316360905e-04,-4.4115373482e-04,-2.8132774056e-04,-1.5151479613e-04,-1.2356393893e-04,-2.3307695181e-04,-4.3108175464e-04,-6.3256869407e-04,-7.2860546240e-04,-6.6709852979e-04,-4.5096182730e-04,-1.6651187039e-04,8.3867551034e-05,1.9883423949e-04,1.5034843879e-04,-3.5969524663e-05,-2.6646037996e-04,-4.5007948459e-04,-5.0513175594e-04,-4.1590462069e-04,-2.0152897320e-04,6.7893221317e-05,3.2798998277e-04,5.0789440581e-04,5.7488485829e-02,5.0789440581e-04,3.2798998277e-04,6.7893221317e-05,-2.0152897320e-04,-4.1590462069e-04,-5.0513175594e-04,-4.5007948459e-04,-2.6646037996e-04,-3.5969524663e-05,1.5034843879e-04,1.9883423949e-04,8.3867551034e-05,-1.6651187039e-04,-4.5096182730e-04,-6.6709852979e-04,-7.2860546240e-04,-6.3256869407e-04,-4.3108175464e-04,-2.3307695181e-04,-1.2356393893e-04,-1.5151479613e-04,-2.8132774056e-04,-4.4115373482e-04,-5.3316360905e-04,-5.0826611158e-04,-3.5989414054e-04,-1.4853049078e-04,5.9074052993e-05,1.9775654092e-04,2.5794811562e-04,2.5664268260e-04,2.4457879858e-04,2.4937343017e-04,2.8473100467e-04,3.2442369801e-04,3.4709060871e-04,3.3229374983e-04,2.9686312939e-04,2.6335076060e-04,2.6295698736e-04,2.9301541195e-04,3.3286129265e-04,3.3849094857e-04,2.8752352786e-04,1.8458988331e-04,7.7328262174e-05,2.1458936472e-05,5.3897858868e-05,1.5968464674e-04,2.7399152205e-04,3.1851055747e-04,2.4117298950e-04,7.1205561547e-05,-1.1002447450e-04,-1.7484189436e-04,-8.0658675068e-05,1.5698505011e-04,3.4257506728e-04,3.5010895771e-04,-2.1012723989e-05,-4.5604756648e-04,-8.5166700102e-04,1.8256856564e-03
V2,127,4,2.2926811876e-03,-9.3610660077e-04,-5.4338597967e-04,-5.5910482106e-05,4.0441823824e-04,4.2478496268e-04,2.0924418746e-04,-1.0666202388e-04,-2.7720354808e-04,-2.5824257856e-04,-7.7447598612e-05,1.2063164288e-04,2.3101490695e-04,2.0250673292e-04,8.3066598800e-05,-3.9848987438e-05,-8.7208773029e-05,-3.7130730410e-05,6.7235630411e-05,1.5611687976e-04,1.6848105794e-04,9.9411785052e-05,-1.6610820255e-05,-1.1457221462e-04,-1.6044365783e-04,-1.5189844795e-04,-1.3982519054e-04,-1.7075448246e-04,-2.7799492899e-04,-4.3057702344e-04,-5.7227709618e-04,-6.2441340816e-04,-5.5945310898e-04,-3.9228274429e-04,-2.0652859442e-04,-8.3525528222e-05,-9.0084425728e-05,-2.1087813501e-04,-3.8474793390e-04,-5.0272744812e-04,-4.9558626950e-04,-3.3863391603e-04,-9.9572206339e-05,1.2549985974e-04,2.2534678208e-04,1.6186729921e-04,-4.3490817957e-05,-2.8485895314e-04,-4.5588523998e-04,-4.6649739862e-04,-3.2079051062e-04,-8.1798434835e-05,1.2289837170e-04,1.9605501730e-04,8.3760586263e-05,-1.5983981216e-04,-4.2569018225e-04,-5.5753263905e-04,-4.5308024763e-04,-7.4547461444e-05,4.9329446748e-04,1.1044944178e-03,1.5656351344e-03,6.6364605610e-02,1.5656351344e-03,1.1044944178e-03,4.9329446748e-04,-7.4547461444e-05,-4.5308024763e-04,-5.5753263905e-04,-4.2569018225e-04,-1.5983981216e-04,8.3760586263e-05,1.9605501730e-04,1.2289837170e-04,-8.1798434835e-05,-3.2079051062e-04,-4.6649739862e-04,-4.5588523998e-04,-2.8485895314e-04,-4.3490817957e-05,1.6186729921e-04,2.2534678208e-04,1.2549985974e-04,-9.9572206339e-05,-3.3863391603e-04,-4.9558626950e-04,-5.0272744812e-04,-3.8474793390e-04,-2.1087813501e-04,-9.0084425728e-05,-8.3525528222e-05,-2.0652859442e-04,-3.9228274429e-04,-5.5945310898e-04,-6.2441340816e-04,-5.7227709618e-04,-4.3057702344e-04,-2.7799492899e-04,-1.7075448246e-04,-1.3982519054e-04,-1.5189844795e-04,-1.6044365783e-04,-1.1457221462e-04,-1.6610820255e-05,9.9411785052e-05,1.6848105794e-04,1.5611687976e-04,6.7235630411e-05,-3.7130730410e-05,-8.7208773029e-05,-3.9848987438e-05,8.3066598800e-05,2.0250673292e-04,2.3101490695e-04,1.2063164288e-04,-7.7447598612e-05,-2.5824257856e-04,-2.7720354808e-04,-1.0666202388e-04,2.0924418746e-04,4.2478496268e-04,4.0441823824e-04,-5.5910482106e-05,-5.4338597967e-04,-9.3610660077e-04,2.2926811876e-03
V2,127,5,1.3966460482e-03,-6.4340100423e-04,-3.5330919344e-04,-1.7911108238e-05,2.7797998573e-04,2.7803367856e-04,1.2210471781e-04,-9.3592591928e-05,-2.0922455059e-04,-1.9985432060e-04,-9.1184815950e-05,1.7309783217e-05,5.5933272576e-05,-4.4307762757e-06,-1.2586455150e-04,-2.4574996262e-04,-3.1130460259e-04,-3.1172138029e-04,-2.8052735835e-04,-2.6624177992e-04,-3.0498627606e-04,-3.8876777941e-04,-4.7858547955e-04,-5.1666470779e-04,-4.7293417529e-04,-3.5112801235e-04,-2.0275478714e-04,-8.5587219079e-05,-4.8470430656e-05,-8.9239210792e-05,-1.7287104755e-04,-2.3370825335e-04,-2.2904415610e-04,-1.4520497660e-04,-2.4643371241e-05,7.3959305371e-05,8.7324589580e-05,1.1027255048e-06,-1.5966928345e-04,-3.2070411089e-04,-4.1416099061e-04,-3.9227667496e-04,-2.7291455193e-04,-1.1201577962e-04,2.1355396999e-06,1.3732302568e-05,-9.1937768694e-05,-2.5720649172e-04,-3.9937552610e-04,-4.3018713370e-04,-3.2373117580e-04,-1.1319194385e-04,9.8360029223e-05,2.0745645400e-04,1.4198094273e-04,-7.3125311069e-05,-3.3690464782e-04,-4.8668263768e-04,-3.9049292704e-04,1.0897903982e-05,6.4368643634e-04,1.3406135335e-03,1.8773690842e-03,7.2973822032e-02,1.8773690842e-03,1.3406135335e-03,6.4368643634e-04,1.0897903982e-05,-3.9049292704e-04,-4.8668263768e-04,-3.3690464782e-04,-7.3125311069e-05,1.4198094273e-04,2.0745645400e-04,9.8360029223e-05,-1.1319194385e-04,-3.2373117580e-04,-4.3018713370e-04,-3.9937552610e-04,-2.5720649172e-04,-9.1937768694e-05,1.3732302568e-05,2.1355396999e-06,-1.1201577962e-04,-2.7291455193e-04,-3.9227667496e-04,-4.1416099061e-04,-3.2070411089e-04,-1.5966928345e-04,1.1027255048e-06,8.7324589580e-05,7.3959305371e-05,-2.4643371241e-05,-1.4520497660e-04,-2.2904415610e-04,-2.3370825335e-04,-1.7287104755e-04,-8.9239210792e-05,-4.8470430656e-05,-8.5587219079e-05,-2.0275478714e-04,-3.5112801235e-04,-4.7293417529e-04,-5.1666470779e-04,-4.7858547955e-04,-3.8876777941e-04,-3.0498627606e-04,-2.6624177992e-04,-2.8052735835e-04,-3.1172138029e-04,-3.1130460259e-04,-2.4574996262e-04,-1.2586455150e-04,-4.4307762757e-06,5.5933272576e-05,1.7309783217e-05,-9.1184815950e-05,-1.9985432060e-04,-2.0922455059e-04,-9.3592591928e-05,1.2210471781e-04,2.7803367856e-04,2.7797998573e-04,-1.7911108238e-05,-3.5330919344e-04,-6.4340100423e-04,1.3966460482e-03
V2,127,6,4.5804576166e-04,-6.1411764304e-04,-2.7954506151e-04,1.4007914142e-05,1.7044969132e-04,9.5021429999e-05,-6.8839696752e-05,-2.1684847338e-04,-2.5638636344e-04,-2.0194762802e-04,-1.0767317246e-04,-5.0679580875e-05,-6.3876726318e-05,-1.3417655919e-04,-2.0703746802e-04,-2.2855798054e-04,-1.7489851588e-04,-6.6762172725e-05,4.3643305049e-05,1.0507758812e-04,9.4145299350e-05,3.2137882244e-05,-3.1517197476e-05,-4.2383754988e-05,2.1821251105e-05,1.4286386240e-04,2.6270287035e-04,3.1974125526e-04,2.7388147723e-04,1.3650127753e-04,-4.1291723214e-05,-1.8508492807e-04,-2.4286911739e-04,-2.0304773020e-04,-1.0922328679e-04,-2.8474998645e-05,-2.4371887357e-05,-1.1245057222e-04,-2.5839373855e-04,-3.8405500397e-04,-4.1706804594e-04,-3.2133087490e-04,-1.3053779186e-04,7.2575310094e-05,1.8386947872e-04,1.3917380739e-04,-6.0693160462e-05,-3.3515726883e-04,-5.6882350686e-04,-6.5562648907e-04,-5.6181543747e-04,-3.3562703561e-04,-9.7730465846e-05,2.6387963839e-05,-3.9794507542e-05,-2.6819510638e-04,-5.3827185507e-04,-6.7293049936e-04,-5.2659772695e-04,-4.5342416198e-05,6.8616232389e-04,1.4758238520e-03,2.0804678871e-03,7.7624182786e-02,2.0804678871e-03,1.4758238520e-03,6.8616232389e-04,-4.5342416198e-05,-5.2659772695e-04,-6.7293049936e-04,-5.3827185507e-04,-2.6819510638e-04,-3.9794507542e-05,2.6387963839e-05,-9.7730465846e-05,-3.3562703561e-04,-5.6181543747e-04,-6.5562648907e-04,-5.6882350686e-04,-3.3515726883e-04,-6.0693160462e-05,1.3917380739e-04,1.8386947872e-04,7.2575310094e-05,-1.3053779186e-04,-3.2133087490e-04,-4.1706804594e-04,-3.8405500397e-04,-2.5839373855e-04,-1.1245057222e-04,-2.4371887357e-05,-2.8474998645e-05,-1.0922328679e-04,-2.0304773020e-04,-2.4286911739e-04,-1.8508492807e-04,-4.1291723214e-05,1.3650127753e-04,2.7388147723e-04,3.1974125526e-04,2.6270287035e-04,1.4286386240e-04,2.1821251105e-05,-4.2383754988e-05,-3.1517197476e-05,3.2137882244e-05,9.4145299350e-05,1.0507758812e-04,4.3643305049e-05,-6.6762172725e-05,-1.7489851588e-04,-2.2855798054e-04,-2.0703746802e-04,-1.3417655919e-04,-6.3876726318e-05,-5.0679580875e-05,-1.0767317246e-04,-2.0194762802e-04,-2.5638636344e-04,-2.1684847338e-04,-6.8839696752e-05,9.5021429999e-05,1.7044969132e-04,1.4007914142e-05,-2.7954506151e-04,-6.1411764304e-04,4.5804576166e-04
V2,127,7,-1.9302278802e-03,9.2498130589e-04,6.0074046838e-04,2.0197673058e-04,-1.6553839654e-04,-1.5195607214e-04,5.8325988626e-05,3.4895945597e-04,5.1424708920e-04,5.2303490566e-04,3.9981846034e-04,2.6306095317e-04,1.9417308772e-04,2.3210794414e-04,3.3787404819e-04,4.4430974934e-04,4.9066736811e-04,4.5766658100e-04,3.7190885353e-04,2.7755298009e-04,2.1556003768e-04,1.9169991104e-04,1.9290330107e-04,1.8733310296e-04,1.6384568140e-04,1.2059291646e-04,8.1409006524e-05,5.6787062493e-05,5.5546948561e-05,5.7909961424e-05,5.3099208177e-05,2.6945452835e-05,-2.7833409353e-06,-2.1672958028e-05,-6.5266265723e-06,2.9135669832e-05,6.2976271984e-05,4.8726120339e-05,-2.7338400725e-05,-1.5812888325e-04,-2.8498525289e-04,-3.5422514329e-04,-3.2160443696e-04,-2.1214162291e-04,-8.6862626411e-05,-4.2964373206e-05,-1.3093020506e-04,-3.4819288146e-04,-6.0141784221e-04,-7.7823316403e-04,-7.7762563027e-04,-5.9981599424e-04,-3.2724968225e-04,-1.1854114148e-04,-9.5240813965e-05,-2.9715800801e-04,-6.1330119411e-04,-8.4964990621e-04,-7.8673880277e-04,-3.2268192678e-04,4.8995213023e-04,1.4148334239e-03,2.1512235345e-03,8.0032089406e-02,2.1512235345e-03,1.4148334239e-03,4.8995213023e-04,-3.2268192678e-04,-7.8673880277e-04,-8.4964990621e-04,-6.1330119411e-04,-2.9715800801e-04,-9.5240813965e-05,-1.1854114148e-04,-3.2724968225e-04,-5.9981599424e-04,-7.7762563027e-04,-7.7823316403e-04,-6.0141784221e-04,-3.4819288146e-04,-1.3093020506e-04,-4.2964373206e-05,-8.6862626411e-05,-2.1214162291e-04,-3.2160443696e-04,-3.5422514329e-04,-2.8498525289e-04,-1.5812888325e-04,-2.7338400725e-05,4.8726120339e-05,6.2976271984e-05,2.9135669832e-05,-6.5266265723e-06,-2.1672958028e-05,-2.7833409353e-06,2.6945452835e-05,5.3099208177e-05,5.7909961424e-05,5.5546948561e-05,5.6787062493e-05,8.1409006524e-05,1.2059291646e-04,1.6384568140e-04,1.8733310296e-04,1.9290330107e-04,1.9169991104e-04,2.1556003768e-04,2.7755298009e-04,3.7190885353e-04,4.5766658100e-04,4.9066736811e-04,4.4430974934e-04,3.3787404819e-04,2.3210794414e-04,1.9417308772e-04,2.6306095317e-04,3.9981846034e-04,5.2303490566e-04,5.1424708920e-04,3.4895945597e-04,5.8325988626e-05,-1.5195607214e-04,-1.6553839654e-04,2.0197673058e-04,6.0074046838e-04,9.2498130589e-04,-1.9302278802e-03
