design,error_model,strategy,band_fc_hz,median_db,p10_db,yield_ge30_pct,joint3_yield_pct_1k2k4k,joint7_yield_pct_DEC1_1k-4k,meanpower_att_per_side_db,seed,arrays
Dolph-20,U-flat,asbuilt,1000,21.87,20.47,0.0,0.0,0.0,22.41,20261926,1000
Dolph-20,U-flat,asbuilt,1250,21.42,19.88,0.0,0.0,0.0,21.95,20261926,1000
Dolph-20,U-flat,asbuilt,1600,22.36,20.88,0.0,0.0,0.0,22.78,20261926,1000
Dolph-20,U-flat,asbuilt,2000,22.45,21.24,0.0,0.0,0.0,22.84,20261926,1000
Dolph-20,U-flat,asbuilt,2500,23.21,21.92,0.0,0.0,0.0,23.57,20261926,1000
Dolph-20,U-flat,asbuilt,3150,22.34,21.22,0.0,0.0,0.0,22.33,20261926,1000
Dolph-20,U-flat,asbuilt,4000,22.33,21.49,0.0,0.0,0.0,22.62,20261926,1000
Dolph-35,U-flat,asbuilt,1000,30.45,27.01,57.2,23.4,6.0,31.36,20261926,1000
Dolph-35,U-flat,asbuilt,1250,30.85,27.70,63.2,23.4,6.0,31.68,20261926,1000
Dolph-35,U-flat,asbuilt,1600,30.75,27.76,61.5,23.4,6.0,31.53,20261926,1000
Dolph-35,U-flat,asbuilt,2000,30.68,27.58,61.0,23.4,6.0,31.36,20261926,1000
Dolph-35,U-flat,asbuilt,2500,30.86,27.67,63.5,23.4,6.0,31.59,20261926,1000
Dolph-35,U-flat,asbuilt,3150,31.49,28.39,72.4,23.4,6.0,31.36,20261926,1000
Dolph-35,U-flat,asbuilt,4000,30.46,27.96,59.2,23.4,6.0,31.22,20261926,1000
D20q,U-flat,asbuilt,1000,21.87,20.47,0.0,0.0,0.0,22.41,20261926,1000
D20q,U-flat,asbuilt,1250,21.42,19.88,0.0,0.0,0.0,21.95,20261926,1000
D20q,U-flat,asbuilt,1600,22.36,20.89,0.0,0.0,0.0,22.78,20261926,1000
D20q,U-flat,asbuilt,2000,22.45,21.24,0.0,0.0,0.0,22.84,20261926,1000
D20q,U-flat,asbuilt,2500,23.21,21.92,0.0,0.0,0.0,23.57,20261926,1000
D20q,U-flat,asbuilt,3150,22.34,21.22,0.0,0.0,0.0,22.33,20261926,1000
D20q,U-flat,asbuilt,4000,22.33,21.49,0.0,0.0,0.0,22.62,20261926,1000
D25q,U-flat,asbuilt,1000,25.34,23.17,2.5,0.0,0.0,26.13,20261926,1000
D25q,U-flat,asbuilt,1250,25.89,23.50,3.6,0.0,0.0,26.59,20261926,1000
D25q,U-flat,asbuilt,1600,26.52,24.31,1.6,0.0,0.0,27.02,20261926,1000
D25q,U-flat,asbuilt,2000,26.45,24.52,0.6,0.0,0.0,26.93,20261926,1000
D25q,U-flat,asbuilt,2500,27.15,25.10,2.3,0.0,0.0,27.60,20261926,1000
D25q,U-flat,asbuilt,3150,26.62,24.92,2.4,0.0,0.0,26.59,20261926,1000
D25q,U-flat,asbuilt,4000,26.28,25.08,0.0,0.0,0.0,26.74,20261926,1000
D30q,U-flat,asbuilt,1000,28.41,25.34,28.5,3.9,0.1,29.32,20261926,1000
D30q,U-flat,asbuilt,1250,29.40,26.17,40.9,3.9,0.1,30.03,20261926,1000
D30q,U-flat,asbuilt,1600,29.40,26.72,38.4,3.9,0.1,30.04,20261926,1000
D30q,U-flat,asbuilt,2000,29.23,26.70,35.1,3.9,0.1,29.86,20261926,1000
D30q,U-flat,asbuilt,2500,29.78,27.04,46.3,3.9,0.1,30.33,20261926,1000
D30q,U-flat,asbuilt,3150,29.77,27.31,45.6,3.9,0.1,29.73,20261926,1000
D30q,U-flat,asbuilt,4000,29.07,27.25,26.6,3.9,0.1,29.72,20261926,1000
D35q,U-flat,asbuilt,1000,30.45,27.01,57.2,23.4,6.0,31.36,20261926,1000
D35q,U-flat,asbuilt,1250,30.85,27.70,63.2,23.4,6.0,31.68,20261926,1000
D35q,U-flat,asbuilt,1600,30.75,27.76,61.5,23.4,6.0,31.53,20261926,1000
D35q,U-flat,asbuilt,2000,30.68,27.58,61.0,23.4,6.0,31.36,20261926,1000
D35q,U-flat,asbuilt,2500,30.86,27.67,63.5,23.4,6.0,31.59,20261926,1000
D35q,U-flat,asbuilt,3150,31.49,28.39,72.4,23.4,6.0,31.36,20261926,1000
D35q,U-flat,asbuilt,4000,30.46,27.96,59.2,23.4,6.0,31.22,20261926,1000
RS-Aq,U-flat,asbuilt,1000,31.16,27.83,68.6,33.7,13.6,32.07,20261926,1000
RS-Aq,U-flat,asbuilt,1250,31.35,27.95,67.4,33.7,13.6,32.13,20261926,1000
RS-Aq,U-flat,asbuilt,1600,31.20,27.90,65.9,33.7,13.6,32.05,20261926,1000
RS-Aq,U-flat,asbuilt,2000,31.37,27.74,66.8,33.7,13.6,32.01,20261926,1000
RS-Aq,U-flat,asbuilt,2500,31.33,27.88,66.9,33.7,13.6,32.10,20261926,1000
RS-Aq,U-flat,asbuilt,3150,32.44,28.77,78.7,33.7,13.6,32.12,20261926,1000
RS-Aq,U-flat,asbuilt,4000,31.00,28.20,66.4,33.7,13.6,31.88,20261926,1000
RS-Bq,U-flat,asbuilt,1000,30.68,27.28,60.7,30.6,10.4,31.53,20261926,1000
RS-Bq,U-flat,asbuilt,1250,31.09,27.95,65.8,30.6,10.4,31.86,20261926,1000
RS-Bq,U-flat,asbuilt,1600,31.04,28.00,63.8,30.6,10.4,31.80,20261926,1000
RS-Bq,U-flat,asbuilt,2000,31.13,27.86,65.0,30.6,10.4,31.79,20261926,1000
RS-Bq,U-flat,asbuilt,2500,31.23,28.00,66.9,30.6,10.4,32.01,20261926,1000
RS-Bq,U-flat,asbuilt,3150,32.19,28.74,77.8,30.6,10.4,31.93,20261926,1000
RS-Bq,U-flat,asbuilt,4000,30.84,28.30,65.2,30.6,10.4,31.69,20261926,1000
Taylor35,U-flat,asbuilt,1000,30.36,26.94,56.5,24.7,6.8,31.29,20261926,1000
Taylor35,U-flat,asbuilt,1250,30.83,27.72,62.9,24.7,6.8,31.64,20261926,1000
Taylor35,U-flat,asbuilt,1600,30.72,27.79,60.9,24.7,6.8,31.51,20261926,1000
Taylor35,U-flat,asbuilt,2000,30.70,27.58,61.4,24.7,6.8,31.39,20261926,1000
Taylor35,U-flat,asbuilt,2500,30.98,27.74,64.3,24.7,6.8,31.71,20261926,1000
Taylor35,U-flat,asbuilt,3150,31.79,28.51,74.8,24.7,6.8,31.57,20261926,1000
Taylor35,U-flat,asbuilt,4000,30.53,28.04,60.2,24.7,6.8,31.30,20261926,1000
Dolph-20,U-flat,amp,1000,21.93,21.09,0.0,0.0,0.0,22.47,20261927,1000
Dolph-20,U-flat,amp,1250,21.48,20.73,0.0,0.0,0.0,22.03,20261927,1000
Dolph-20,U-flat,amp,1600,22.40,21.66,0.0,0.0,0.0,22.87,20261927,1000
Dolph-20,U-flat,amp,2000,22.55,21.93,0.0,0.0,0.0,22.96,20261927,1000
Dolph-20,U-flat,amp,2500,23.32,22.68,0.0,0.0,0.0,23.73,20261927,1000
Dolph-20,U-flat,amp,3150,22.44,22.07,0.0,0.0,0.0,22.42,20261927,1000
Dolph-20,U-flat,amp,4000,22.46,22.03,0.0,0.0,0.0,22.74,20261927,1000
Dolph-35,U-flat,amp,1000,31.17,28.24,68.9,48.1,23.0,32.35,20261927,1000
Dolph-35,U-flat,amp,1250,31.95,28.80,77.2,48.1,23.0,32.82,20261927,1000
Dolph-35,U-flat,amp,1600,32.08,28.83,80.0,48.1,23.0,32.73,20261927,1000
Dolph-35,U-flat,amp,2000,32.01,29.04,79.9,48.1,23.0,32.61,20261927,1000
Dolph-35,U-flat,amp,2500,32.45,29.34,82.8,48.1,23.0,32.96,20261927,1000
Dolph-35,U-flat,amp,3150,32.20,28.64,79.8,48.1,23.0,31.83,20261927,1000
Dolph-35,U-flat,amp,4000,31.82,29.52,84.5,48.1,23.0,32.44,20261927,1000
D20q,U-flat,amp,1000,21.93,21.09,0.0,0.0,0.0,22.47,20261927,1000
D20q,U-flat,amp,1250,21.48,20.73,0.0,0.0,0.0,22.03,20261927,1000
D20q,U-flat,amp,1600,22.40,21.66,0.0,0.0,0.0,22.87,20261927,1000
D20q,U-flat,amp,2000,22.55,21.93,0.0,0.0,0.0,22.96,20261927,1000
D20q,U-flat,amp,2500,23.32,22.68,0.0,0.0,0.0,23.73,20261927,1000
D20q,U-flat,amp,3150,22.44,22.07,0.0,0.0,0.0,22.42,20261927,1000
D20q,U-flat,amp,4000,22.46,22.03,0.0,0.0,0.0,22.74,20261927,1000
D25q,U-flat,amp,1000,25.50,24.09,0.0,0.0,0.0,26.33,20261927,1000
D25q,U-flat,amp,1250,25.97,24.67,0.0,0.0,0.0,26.87,20261927,1000
D25q,U-flat,amp,1600,26.65,25.31,0.0,0.0,0.0,27.32,20261927,1000
D25q,U-flat,amp,2000,26.65,25.54,0.0,0.0,0.0,27.27,20261927,1000
D25q,U-flat,amp,2500,27.45,26.13,0.0,0.0,0.0,28.04,20261927,1000
D25q,U-flat,amp,3150,26.87,25.77,0.0,0.0,0.0,26.79,20261927,1000
D25q,U-flat,amp,4000,26.68,25.86,0.0,0.0,0.0,27.08,20261927,1000
D30q,U-flat,amp,1000,28.65,26.56,19.0,5.5,0.7,29.84,20261927,1000
D30q,U-flat,amp,1250,29.67,27.48,41.8,5.5,0.7,30.72,20261927,1000
D30q,U-flat,amp,1600,30.06,27.75,52.1,5.5,0.7,30.77,20261927,1000
D30q,U-flat,amp,2000,29.92,27.89,48.7,5.5,0.7,30.64,20261927,1000
D30q,U-flat,amp,2500,30.62,28.40,64.3,5.5,0.7,31.26,20261927,1000
D30q,U-flat,amp,3150,30.30,27.92,57.2,5.5,0.7,30.08,20261927,1000
D30q,U-flat,amp,4000,29.97,28.49,48.5,5.5,0.7,30.48,20261927,1000
D35q,U-flat,amp,1000,31.17,28.24,68.9,48.1,23.0,32.35,20261927,1000
D35q,U-flat,amp,1250,31.95,28.80,77.3,48.1,23.0,32.82,20261927,1000
D35q,U-flat,amp,1600,32.08,28.83,80.0,48.1,23.0,32.73,20261927,1000
D35q,U-flat,amp,2000,32.01,29.04,79.9,48.1,23.0,32.61,20261927,1000
D35q,U-flat,amp,2500,32.45,29.34,82.8,48.1,23.0,32.96,20261927,1000
D35q,U-flat,amp,3150,32.20,28.64,79.8,48.1,23.0,31.83,20261927,1000
D35q,U-flat,amp,4000,31.82,29.52,84.5,48.1,23.0,32.44,20261927,1000
RS-Aq,U-flat,amp,1000,32.69,29.01,83.2,65.6,39.0,33.39,20261927,1000
RS-Aq,U-flat,amp,1250,32.98,28.97,81.5,65.6,39.0,33.49,20261927,1000
RS-Aq,U-flat,amp,1600,33.16,29.17,84.2,65.6,39.0,33.55,20261927,1000
RS-Aq,U-flat,amp,2000,33.09,29.39,84.9,65.6,39.0,33.59,20261927,1000
RS-Aq,U-flat,amp,2500,33.40,29.60,86.4,65.6,39.0,33.77,20261927,1000
RS-Aq,U-flat,amp,3150,33.18,28.83,83.3,65.6,39.0,32.66,20261927,1000
RS-Aq,U-flat,amp,4000,32.76,29.93,89.8,65.6,39.0,33.43,20261927,1000
RS-Bq,U-flat,amp,1000,31.52,28.49,75.1,58.4,32.8,32.58,20261927,1000
RS-Bq,U-flat,amp,1250,32.47,29.06,80.9,58.4,32.8,33.05,20261927,1000
RS-Bq,U-flat,amp,1600,32.61,29.13,83.2,58.4,32.8,33.10,20261927,1000
RS-Bq,U-flat,amp,2000,32.62,29.29,84.1,58.4,32.8,33.18,20261927,1000
RS-Bq,U-flat,amp,2500,33.10,29.67,86.6,58.4,32.8,33.55,20261927,1000
RS-Bq,U-flat,amp,3150,32.92,29.00,83.5,58.4,32.8,32.47,20261927,1000
RS-Bq,U-flat,amp,4000,32.43,29.93,89.2,58.4,32.8,33.07,20261927,1000
Taylor35,U-flat,amp,1000,31.07,28.18,67.9,48.0,23.3,32.26,20261927,1000
Taylor35,U-flat,amp,1250,31.94,28.80,76.7,48.0,23.3,32.78,20261927,1000
Taylor35,U-flat,amp,1600,32.09,28.84,80.2,48.0,23.3,32.71,20261927,1000
Taylor35,U-flat,amp,2000,32.08,29.06,80.4,48.0,23.3,32.65,20261927,1000
Taylor35,U-flat,amp,2500,32.65,29.45,83.4,48.0,23.3,33.12,20261927,1000
Taylor35,U-flat,amp,3150,32.45,28.75,81.1,48.0,23.3,32.06,20261927,1000
Taylor35,U-flat,amp,4000,31.93,29.59,85.5,48.0,23.3,32.55,20261927,1000
Dolph-20,U-flat,pair,1000,22.41,22.07,0.0,0.0,0.0,22.60,20261928,1000
Dolph-20,U-flat,pair,1250,21.87,21.48,0.0,0.0,0.0,22.11,20261928,1000
Dolph-20,U-flat,pair,1600,22.72,22.36,0.0,0.0,0.0,22.97,20261928,1000
Dolph-20,U-flat,pair,2000,22.83,22.46,0.0,0.0,0.0,23.07,20261928,1000
Dolph-20,U-flat,pair,2500,23.66,23.26,0.0,0.0,0.0,23.86,20261928,1000
Dolph-20,U-flat,pair,3150,22.61,22.41,0.0,0.0,0.0,22.61,20261928,1000
Dolph-20,U-flat,pair,4000,22.63,22.31,0.0,0.0,0.0,22.84,20261928,1000
Dolph-35,U-flat,pair,1000,34.00,30.95,94.9,89.2,82.8,34.00,20261928,1000
Dolph-35,U-flat,pair,1250,35.23,31.31,96.1,89.2,82.8,34.69,20261928,1000
Dolph-35,U-flat,pair,1600,34.97,31.26,96.3,89.2,82.8,34.50,20261928,1000
Dolph-35,U-flat,pair,2000,34.52,31.30,95.8,89.2,82.8,34.32,20261928,1000
Dolph-35,U-flat,pair,2500,34.90,31.50,97.8,89.2,82.8,34.69,20261928,1000
Dolph-35,U-flat,pair,3150,35.56,33.03,99.8,89.2,82.8,35.39,20261928,1000
Dolph-35,U-flat,pair,4000,33.84,31.17,97.5,89.2,82.8,33.97,20261928,1000
D20q,U-flat,pair,1000,22.41,22.07,0.0,0.0,0.0,22.60,20261928,1000
D20q,U-flat,pair,1250,21.87,21.48,0.0,0.0,0.0,22.11,20261928,1000
D20q,U-flat,pair,1600,22.72,22.36,0.0,0.0,0.0,22.97,20261928,1000
D20q,U-flat,pair,2000,22.83,22.46,0.0,0.0,0.0,23.07,20261928,1000
D20q,U-flat,pair,2500,23.66,23.26,0.0,0.0,0.0,23.86,20261928,1000
D20q,U-flat,pair,3150,22.61,22.41,0.0,0.0,0.0,22.61,20261928,1000
D20q,U-flat,pair,4000,22.63,22.31,0.0,0.0,0.0,22.84,20261928,1000
D25q,U-flat,pair,1000,26.38,25.68,0.0,0.0,0.0,26.64,20261928,1000
D25q,U-flat,pair,1250,26.86,26.03,0.0,0.0,0.0,27.17,20261928,1000
D25q,U-flat,pair,1600,27.35,26.61,0.0,0.0,0.0,27.65,20261928,1000
D25q,U-flat,pair,2000,27.30,26.54,0.0,0.0,0.0,27.62,20261928,1000
D25q,U-flat,pair,2500,28.18,27.40,0.0,0.0,0.0,28.42,20261928,1000
D25q,U-flat,pair,3150,27.45,26.94,0.0,0.0,0.0,27.43,20261928,1000
D25q,U-flat,pair,4000,27.11,26.50,0.0,0.0,0.0,27.41,20261928,1000
D30q,U-flat,pair,1000,30.24,28.77,58.9,43.7,33.9,30.60,20261928,1000
D30q,U-flat,pair,1250,31.58,29.65,85.0,43.7,33.9,31.67,20261928,1000
D30q,U-flat,pair,1600,31.69,29.76,87.7,43.7,33.9,31.70,20261928,1000
D30q,U-flat,pair,2000,31.44,29.72,86.3,43.7,33.9,31.55,20261928,1000
D30q,U-flat,pair,2500,32.13,30.23,92.0,43.7,33.9,32.20,20261928,1000
D30q,U-flat,pair,3150,31.91,30.58,96.0,43.7,33.9,31.82,20261928,1000
D30q,U-flat,pair,4000,31.07,29.63,83.1,43.7,33.9,31.29,20261928,1000
D35q,U-flat,pair,1000,34.00,30.95,94.9,89.2,82.8,34.00,20261928,1000
D35q,U-flat,pair,1250,35.23,31.31,96.1,89.2,82.8,34.69,20261928,1000
D35q,U-flat,pair,1600,34.97,31.26,96.3,89.2,82.8,34.50,20261928,1000
D35q,U-flat,pair,2000,34.52,31.30,95.8,89.2,82.8,34.32,20261928,1000
D35q,U-flat,pair,2500,34.90,31.50,97.8,89.2,82.8,34.69,20261928,1000
D35q,U-flat,pair,3150,35.56,33.03,99.8,89.2,82.8,35.39,20261928,1000
D35q,U-flat,pair,4000,33.84,31.17,97.5,89.2,82.8,33.97,20261928,1000
RS-Aq,U-flat,pair,1000,36.74,31.82,96.9,93.1,87.9,35.81,20261928,1000
RS-Aq,U-flat,pair,1250,37.15,31.78,96.7,93.1,87.9,35.98,20261928,1000
RS-Aq,U-flat,pair,1600,36.92,31.90,97.4,93.1,87.9,35.98,20261928,1000
RS-Aq,U-flat,pair,2000,36.89,31.86,97.1,93.1,87.9,36.07,20261928,1000
RS-Aq,U-flat,pair,2500,36.74,32.09,98.0,93.1,87.9,36.18,20261928,1000
RS-Aq,U-flat,pair,3150,38.61,34.51,100.0,93.1,87.9,38.33,20261928,1000
RS-Aq,U-flat,pair,4000,35.53,31.77,98.4,93.1,87.9,35.62,20261928,1000
RS-Bq,U-flat,pair,1000,34.51,31.18,95.5,91.4,85.4,34.33,20261928,1000
RS-Bq,U-flat,pair,1250,35.78,31.53,96.4,91.4,85.4,35.05,20261928,1000
RS-Bq,U-flat,pair,1600,35.64,31.58,96.7,91.4,85.4,35.05,20261928,1000
RS-Bq,U-flat,pair,2000,35.56,31.72,96.8,91.4,85.4,35.19,20261928,1000
RS-Bq,U-flat,pair,2500,35.85,31.96,98.0,91.4,85.4,35.55,20261928,1000
RS-Bq,U-flat,pair,3150,37.13,33.82,99.9,91.4,85.4,36.88,20261928,1000
RS-Bq,U-flat,pair,4000,34.73,31.60,98.3,91.4,85.4,34.87,20261928,1000
Taylor35,U-flat,pair,1000,33.86,30.89,94.9,89.4,82.8,33.88,20261928,1000
Taylor35,U-flat,pair,1250,35.17,31.29,95.9,89.4,82.8,34.63,20261928,1000
Taylor35,U-flat,pair,1600,34.94,31.25,96.3,89.4,82.8,34.47,20261928,1000
Taylor35,U-flat,pair,2000,34.61,31.35,95.9,89.4,82.8,34.38,20261928,1000
Taylor35,U-flat,pair,2500,35.20,31.61,97.8,89.4,82.8,34.94,20261928,1000
Taylor35,U-flat,pair,3150,36.16,33.37,99.9,89.4,82.8,35.96,20261928,1000
Taylor35,U-flat,pair,4000,34.00,31.22,97.6,89.4,82.8,34.13,20261928,1000
Dolph-20,U-flat,cplx,1000,21.97,21.09,0.0,0.0,0.0,22.52,20261929,1000
Dolph-20,U-flat,cplx,1250,21.58,20.81,0.0,0.0,0.0,22.09,20261929,1000
Dolph-20,U-flat,cplx,1600,22.48,21.82,0.0,0.0,0.0,22.94,20261929,1000
Dolph-20,U-flat,cplx,2000,22.65,22.07,0.0,0.0,0.0,23.03,20261929,1000
Dolph-20,U-flat,cplx,2500,23.41,22.76,0.0,0.0,0.0,23.81,20261929,1000
Dolph-20,U-flat,cplx,3150,22.48,22.15,0.0,0.0,0.0,22.47,20261929,1000
Dolph-20,U-flat,cplx,4000,22.55,22.14,0.0,0.0,0.0,22.80,20261929,1000
Dolph-35,U-flat,cplx,1000,32.11,29.14,81.9,75.9,56.1,33.16,20261929,1000
Dolph-35,U-flat,cplx,1250,33.44,30.32,92.2,75.9,56.1,33.87,20261929,1000
Dolph-35,U-flat,cplx,1600,33.60,30.59,95.2,75.9,56.1,33.72,20261929,1000
Dolph-35,U-flat,cplx,2000,33.31,30.68,94.8,75.9,56.1,33.62,20261929,1000
Dolph-35,U-flat,cplx,2500,33.65,30.79,95.2,75.9,56.1,33.93,20261929,1000
Dolph-35,U-flat,cplx,3150,32.85,29.13,83.1,75.9,56.1,32.33,20261929,1000
Dolph-35,U-flat,cplx,4000,33.11,30.90,96.1,75.9,56.1,33.34,20261929,1000
D20q,U-flat,cplx,1000,21.97,21.09,0.0,0.0,0.0,22.52,20261929,1000
D20q,U-flat,cplx,1250,21.58,20.81,0.0,0.0,0.0,22.09,20261929,1000
D20q,U-flat,cplx,1600,22.48,21.82,0.0,0.0,0.0,22.94,20261929,1000
D20q,U-flat,cplx,2000,22.65,22.07,0.0,0.0,0.0,23.03,20261929,1000
D20q,U-flat,cplx,2500,23.41,22.76,0.0,0.0,0.0,23.81,20261929,1000
D20q,U-flat,cplx,3150,22.48,22.15,0.0,0.0,0.0,22.47,20261929,1000
D20q,U-flat,cplx,4000,22.55,22.14,0.0,0.0,0.0,22.80,20261929,1000
D25q,U-flat,cplx,1000,25.66,24.25,0.0,0.0,0.0,26.48,20261929,1000
D25q,U-flat,cplx,1250,26.27,24.94,0.0,0.0,0.0,27.08,20261929,1000
D25q,U-flat,cplx,1600,26.88,25.71,0.0,0.0,0.0,27.55,20261929,1000
D25q,U-flat,cplx,2000,26.94,25.95,0.0,0.0,0.0,27.50,20261929,1000
D25q,U-flat,cplx,2500,27.72,26.53,0.0,0.0,0.0,28.29,20261929,1000
D25q,U-flat,cplx,3150,27.04,25.99,0.0,0.0,0.0,26.93,20261929,1000
D25q,U-flat,cplx,4000,26.92,26.15,0.0,0.0,0.0,27.29,20261929,1000
D30q,U-flat,cplx,1000,29.10,26.96,26.3,13.8,4.9,30.23,20261929,1000
D30q,U-flat,cplx,1250,30.35,28.29,58.2,13.8,4.9,31.30,20261929,1000
D30q,U-flat,cplx,1600,30.72,28.75,69.8,13.8,4.9,31.33,20261929,1000
D30q,U-flat,cplx,2000,30.59,28.95,67.5,13.8,4.9,31.21,20261929,1000
D30q,U-flat,cplx,2500,31.24,29.21,77.9,13.8,4.9,31.85,20261929,1000
D30q,U-flat,cplx,3150,30.67,28.27,64.8,13.8,4.9,30.40,20261929,1000
D30q,U-flat,cplx,4000,30.56,29.25,71.1,13.8,4.9,30.99,20261929,1000
D35q,U-flat,cplx,1000,32.11,29.14,81.9,75.9,56.1,33.16,20261929,1000
D35q,U-flat,cplx,1250,33.44,30.32,92.2,75.9,56.1,33.87,20261929,1000
D35q,U-flat,cplx,1600,33.60,30.59,95.2,75.9,56.1,33.72,20261929,1000
D35q,U-flat,cplx,2000,33.31,30.68,94.8,75.9,56.1,33.62,20261929,1000
D35q,U-flat,cplx,2500,33.65,30.79,95.2,75.9,56.1,33.93,20261929,1000
D35q,U-flat,cplx,3150,32.85,29.13,83.1,75.9,56.1,32.33,20261929,1000
D35q,U-flat,cplx,4000,33.11,30.90,96.1,75.9,56.1,33.34,20261929,1000
RS-Aq,U-flat,cplx,1000,34.79,30.96,95.0,91.1,72.7,34.53,20261929,1000
RS-Aq,U-flat,cplx,1250,35.32,31.47,96.8,91.1,72.7,34.82,20261929,1000
RS-Aq,U-flat,cplx,1600,35.20,31.55,96.7,91.1,72.7,34.85,20261929,1000
RS-Aq,U-flat,cplx,2000,35.36,31.63,97.6,91.1,72.7,34.99,20261929,1000
RS-Aq,U-flat,cplx,2500,35.28,31.64,97.7,91.1,72.7,35.02,20261929,1000
RS-Aq,U-flat,cplx,3150,33.95,29.42,85.2,91.1,72.7,33.29,20261929,1000
RS-Aq,U-flat,cplx,4000,34.67,31.57,97.9,91.1,72.7,34.68,20261929,1000
RS-Bq,U-flat,cplx,1000,32.61,29.53,87.1,83.5,66.6,33.44,20261929,1000
RS-Bq,U-flat,cplx,1250,34.32,30.98,96.0,83.5,66.6,34.16,20261929,1000
RS-Bq,U-flat,cplx,1600,34.34,31.19,96.9,83.5,66.6,34.18,20261929,1000
RS-Bq,U-flat,cplx,2000,34.24,31.33,97.3,83.5,66.6,34.35,20261929,1000
RS-Bq,U-flat,cplx,2500,34.67,31.42,97.0,83.5,66.6,34.67,20261929,1000
RS-Bq,U-flat,cplx,3150,33.66,29.51,86.3,83.5,66.6,33.07,20261929,1000
RS-Bq,U-flat,cplx,4000,34.02,31.36,98.0,83.5,66.6,34.13,20261929,1000
Taylor35,U-flat,cplx,1000,31.99,29.06,80.6,75.3,57.2,33.05,20261929,1000
Taylor35,U-flat,cplx,1250,33.41,30.32,92.2,75.3,57.2,33.82,20261929,1000
Taylor35,U-flat,cplx,1600,33.67,30.62,95.6,75.3,57.2,33.69,20261929,1000
Taylor35,U-flat,cplx,2000,33.42,30.78,95.6,75.3,57.2,33.67,20261929,1000
Taylor35,U-flat,cplx,2500,33.94,31.00,95.8,75.3,57.2,34.13,20261929,1000
Taylor35,U-flat,cplx,3150,33.14,29.25,84.2,75.3,57.2,32.59,20261929,1000
Taylor35,U-flat,cplx,4000,33.31,30.98,96.6,75.3,57.2,33.48,20261929,1000
Dolph-20,U-flat,paircplx,1000,22.52,22.20,0.0,0.0,0.0,22.70,20261930,1000
Dolph-20,U-flat,paircplx,1250,21.95,21.59,0.0,0.0,0.0,22.21,20261930,1000
Dolph-20,U-flat,paircplx,1600,22.84,22.48,0.0,0.0,0.0,23.11,20261930,1000
Dolph-20,U-flat,paircplx,2000,22.95,22.59,0.0,0.0,0.0,23.21,20261930,1000
Dolph-20,U-flat,paircplx,2500,23.82,23.44,0.0,0.0,0.0,24.02,20261930,1000
Dolph-20,U-flat,paircplx,3150,22.67,22.56,0.0,0.0,0.0,22.69,20261930,1000
Dolph-20,U-flat,paircplx,4000,22.75,22.41,0.0,0.0,0.0,22.97,20261930,1000
Dolph-35,U-flat,paircplx,1000,35.62,34.27,100.0,100.0,100.0,36.47,20261930,1000
Dolph-35,U-flat,paircplx,1250,37.29,35.97,100.0,100.0,100.0,37.86,20261930,1000
Dolph-35,U-flat,paircplx,1600,36.94,35.77,100.0,100.0,100.0,37.43,20261930,1000
Dolph-35,U-flat,paircplx,2000,36.55,35.33,100.0,100.0,100.0,37.11,20261930,1000
Dolph-35,U-flat,paircplx,2500,37.62,36.11,100.0,100.0,100.0,38.06,20261930,1000
Dolph-35,U-flat,paircplx,3150,36.81,35.77,100.0,100.0,100.0,36.91,20261930,1000
Dolph-35,U-flat,paircplx,4000,36.12,35.07,100.0,100.0,100.0,36.56,20261930,1000
D20q,U-flat,paircplx,1000,22.52,22.20,0.0,0.0,0.0,22.70,20261930,1000
D20q,U-flat,paircplx,1250,21.95,21.59,0.0,0.0,0.0,22.21,20261930,1000
D20q,U-flat,paircplx,1600,22.84,22.48,0.0,0.0,0.0,23.11,20261930,1000
D20q,U-flat,paircplx,2000,22.95,22.59,0.0,0.0,0.0,23.21,20261930,1000
D20q,U-flat,paircplx,2500,23.82,23.44,0.0,0.0,0.0,24.02,20261930,1000
D20q,U-flat,paircplx,3150,22.67,22.56,0.0,0.0,0.0,22.69,20261930,1000
D20q,U-flat,paircplx,4000,22.75,22.41,0.0,0.0,0.0,22.97,20261930,1000
D25q,U-flat,paircplx,1000,26.62,26.13,0.0,0.0,0.0,26.94,20261930,1000
D25q,U-flat,paircplx,1250,27.16,26.58,0.0,0.0,0.0,27.53,20261930,1000
D25q,U-flat,paircplx,1600,27.73,27.14,0.0,0.0,0.0,28.09,20261930,1000
D25q,U-flat,paircplx,2000,27.65,27.09,0.0,0.0,0.0,28.02,20261930,1000
D25q,U-flat,paircplx,2500,28.62,28.05,0.0,0.0,0.0,28.93,20261930,1000
D25q,U-flat,paircplx,3150,27.62,27.39,0.0,0.0,0.0,27.64,20261930,1000
D25q,U-flat,paircplx,4000,27.44,26.94,0.0,0.0,0.0,27.78,20261930,1000
D30q,U-flat,paircplx,1000,30.86,30.00,89.7,89.7,89.7,31.48,20261930,1000
D30q,U-flat,paircplx,1250,32.39,31.50,100.0,89.7,89.7,32.87,20261930,1000
D30q,U-flat,paircplx,1600,32.52,31.75,100.0,89.7,89.7,32.91,20261930,1000
D30q,U-flat,paircplx,2000,32.29,31.46,100.0,89.7,89.7,32.70,20261930,1000
D30q,U-flat,paircplx,2500,33.33,32.38,100.0,89.7,89.7,33.68,20261930,1000
D30q,U-flat,paircplx,3150,32.40,31.96,100.0,89.7,89.7,32.45,20261930,1000
D30q,U-flat,paircplx,4000,32.08,31.38,100.0,89.7,89.7,32.41,20261930,1000
D35q,U-flat,paircplx,1000,35.62,34.27,100.0,100.0,100.0,36.47,20261930,1000
D35q,U-flat,paircplx,1250,37.29,35.97,100.0,100.0,100.0,37.87,20261930,1000
D35q,U-flat,paircplx,1600,36.94,35.77,100.0,100.0,100.0,37.43,20261930,1000
D35q,U-flat,paircplx,2000,36.55,35.33,100.0,100.0,100.0,37.11,20261930,1000
D35q,U-flat,paircplx,2500,37.62,36.11,100.0,100.0,100.0,38.06,20261930,1000
D35q,U-flat,paircplx,3150,36.81,35.77,100.0,100.0,100.0,36.91,20261930,1000
D35q,U-flat,paircplx,4000,36.12,35.07,100.0,100.0,100.0,36.56,20261930,1000
RS-Aq,U-flat,paircplx,1000,40.46,38.85,100.0,100.0,100.0,40.98,20261930,1000
RS-Aq,U-flat,paircplx,1250,41.17,39.64,100.0,100.0,100.0,41.70,20261930,1000
RS-Aq,U-flat,paircplx,1600,40.85,39.29,100.0,100.0,100.0,41.55,20261930,1000
RS-Aq,U-flat,paircplx,2000,41.32,39.54,100.0,100.0,100.0,42.01,20261930,1000
RS-Aq,U-flat,paircplx,2500,42.48,40.20,100.0,100.0,100.0,42.94,20261930,1000
RS-Aq,U-flat,paircplx,3150,41.90,38.99,100.0,100.0,100.0,42.07,20261930,1000
RS-Aq,U-flat,paircplx,4000,40.29,38.33,100.0,100.0,100.0,40.76,20261930,1000
RS-Bq,U-flat,paircplx,1000,36.30,34.89,100.0,100.0,100.0,37.07,20261930,1000
RS-Bq,U-flat,paircplx,1250,38.10,37.01,100.0,100.0,100.0,38.62,20261930,1000
RS-Bq,U-flat,paircplx,1600,37.95,36.81,100.0,100.0,100.0,38.55,20261930,1000
RS-Bq,U-flat,paircplx,2000,38.25,36.92,100.0,100.0,100.0,38.92,20261930,1000
RS-Bq,U-flat,paircplx,2500,39.70,37.86,100.0,100.0,100.0,40.19,20261930,1000
RS-Bq,U-flat,paircplx,3150,39.14,37.51,100.0,100.0,100.0,39.29,20261930,1000
RS-Bq,U-flat,paircplx,4000,37.87,36.52,100.0,100.0,100.0,38.36,20261930,1000
Taylor35,U-flat,paircplx,1000,35.44,34.11,100.0,100.0,100.0,36.26,20261930,1000
Taylor35,U-flat,paircplx,1250,37.20,35.91,100.0,100.0,100.0,37.75,20261930,1000
Taylor35,U-flat,paircplx,1600,36.86,35.78,100.0,100.0,100.0,37.38,20261930,1000
Taylor35,U-flat,paircplx,2000,36.68,35.48,100.0,100.0,100.0,37.24,20261930,1000
Taylor35,U-flat,paircplx,2500,38.13,36.57,100.0,100.0,100.0,38.61,20261930,1000
Taylor35,U-flat,paircplx,3150,37.63,36.39,100.0,100.0,100.0,37.74,20261930,1000
Taylor35,U-flat,paircplx,4000,36.39,35.33,100.0,100.0,100.0,36.86,20261930,1000
Dolph-20,G-p0.5-l1oct+jig0.25,asbuilt,1000,21.82,20.47,0.0,0.0,0.0,22.39,20262926,1000
Dolph-20,G-p0.5-l1oct+jig0.25,asbuilt,1250,21.38,20.00,0.0,0.0,0.0,21.94,20262926,1000
Dolph-20,G-p0.5-l1oct+jig0.25,asbuilt,1600,22.33,21.00,0.0,0.0,0.0,22.75,20262926,1000
Dolph-20,G-p0.5-l1oct+jig0.25,asbuilt,2000,22.51,21.21,0.0,0.0,0.0,22.87,20262926,1000
Dolph-20,G-p0.5-l1oct+jig0.25,asbuilt,2500,23.24,22.00,0.0,0.0,0.0,23.58,20262926,1000
Dolph-20,G-p0.5-l1oct+jig0.25,asbuilt,3150,22.31,21.20,0.0,0.0,0.0,22.33,20262926,1000
Dolph-20,G-p0.5-l1oct+jig0.25,asbuilt,4000,22.36,21.52,0.0,0.0,0.0,22.63,20262926,1000
Dolph-35,G-p0.5-l1oct+jig0.25,asbuilt,1000,30.64,27.06,58.0,26.8,8.1,31.41,20262926,1000
Dolph-35,G-p0.5-l1oct+jig0.25,asbuilt,1250,31.04,27.71,62.8,26.8,8.1,31.74,20262926,1000
Dolph-35,G-p0.5-l1oct+jig0.25,asbuilt,1600,30.80,27.59,62.3,26.8,8.1,31.56,20262926,1000
Dolph-35,G-p0.5-l1oct+jig0.25,asbuilt,2000,30.65,27.53,60.0,26.8,8.1,31.39,20262926,1000
Dolph-35,G-p0.5-l1oct+jig0.25,asbuilt,2500,31.08,27.90,66.8,26.8,8.1,31.66,20262926,1000
Dolph-35,G-p0.5-l1oct+jig0.25,asbuilt,3150,31.52,28.26,72.0,26.8,8.1,31.32,20262926,1000
Dolph-35,G-p0.5-l1oct+jig0.25,asbuilt,4000,30.65,28.05,64.1,26.8,8.1,31.25,20262926,1000
D20q,G-p0.5-l1oct+jig0.25,asbuilt,1000,21.82,20.47,0.0,0.0,0.0,22.39,20262926,1000
D20q,G-p0.5-l1oct+jig0.25,asbuilt,1250,21.38,20.00,0.0,0.0,0.0,21.94,20262926,1000
D20q,G-p0.5-l1oct+jig0.25,asbuilt,1600,22.33,21.00,0.0,0.0,0.0,22.75,20262926,1000
D20q,G-p0.5-l1oct+jig0.25,asbuilt,2000,22.51,21.21,0.0,0.0,0.0,22.87,20262926,1000
D20q,G-p0.5-l1oct+jig0.25,asbuilt,2500,23.24,22.00,0.0,0.0,0.0,23.58,20262926,1000
D20q,G-p0.5-l1oct+jig0.25,asbuilt,3150,22.31,21.20,0.0,0.0,0.0,22.33,20262926,1000
D20q,G-p0.5-l1oct+jig0.25,asbuilt,4000,22.36,21.52,0.0,0.0,0.0,22.63,20262926,1000
D25q,G-p0.5-l1oct+jig0.25,asbuilt,1000,25.33,23.25,2.1,0.0,0.0,26.11,20262926,1000
D25q,G-p0.5-l1oct+jig0.25,asbuilt,1250,25.86,23.75,2.8,0.0,0.0,26.59,20262926,1000
D25q,G-p0.5-l1oct+jig0.25,asbuilt,1600,26.51,24.42,1.3,0.0,0.0,26.98,20262926,1000
D25q,G-p0.5-l1oct+jig0.25,asbuilt,2000,26.49,24.53,0.4,0.0,0.0,26.96,20262926,1000
D25q,G-p0.5-l1oct+jig0.25,asbuilt,2500,27.26,25.20,1.7,0.0,0.0,27.63,20262926,1000
D25q,G-p0.5-l1oct+jig0.25,asbuilt,3150,26.57,24.85,1.8,0.0,0.0,26.58,20262926,1000
D25q,G-p0.5-l1oct+jig0.25,asbuilt,4000,26.34,25.19,0.2,0.0,0.0,26.76,20262926,1000
D30q,G-p0.5-l1oct+jig0.25,asbuilt,1000,28.50,25.46,31.9,3.8,0.0,29.32,20262926,1000
D30q,G-p0.5-l1oct+jig0.25,asbuilt,1250,29.41,26.57,39.3,3.8,0.0,30.05,20262926,1000
D30q,G-p0.5-l1oct+jig0.25,asbuilt,1600,29.39,26.65,40.1,3.8,0.0,30.02,20262926,1000
D30q,G-p0.5-l1oct+jig0.25,asbuilt,2000,29.37,26.74,36.8,3.8,0.0,29.90,20262926,1000
D30q,G-p0.5-l1oct+jig0.25,asbuilt,2500,29.95,27.30,49.1,3.8,0.0,30.39,20262926,1000
D30q,G-p0.5-l1oct+jig0.25,asbuilt,3150,29.69,27.25,45.3,3.8,0.0,29.70,20262926,1000
D30q,G-p0.5-l1oct+jig0.25,asbuilt,4000,29.24,27.32,27.1,3.8,0.0,29.74,20262926,1000
D35q,G-p0.5-l1oct+jig0.25,asbuilt,1000,30.64,27.06,58.0,26.8,8.1,31.41,20262926,1000
D35q,G-p0.5-l1oct+jig0.25,asbuilt,1250,31.04,27.71,62.8,26.8,8.1,31.74,20262926,1000
D35q,G-p0.5-l1oct+jig0.25,asbuilt,1600,30.80,27.59,62.3,26.8,8.1,31.56,20262926,1000
D35q,G-p0.5-l1oct+jig0.25,asbuilt,2000,30.65,27.53,60.0,26.8,8.1,31.39,20262926,1000
D35q,G-p0.5-l1oct+jig0.25,asbuilt,2500,31.08,27.90,66.8,26.8,8.1,31.66,20262926,1000
D35q,G-p0.5-l1oct+jig0.25,asbuilt,3150,31.52,28.26,72.0,26.8,8.1,31.32,20262926,1000
D35q,G-p0.5-l1oct+jig0.25,asbuilt,4000,30.65,28.05,64.1,26.8,8.1,31.25,20262926,1000
RS-Aq,G-p0.5-l1oct+jig0.25,asbuilt,1000,31.37,27.96,69.1,36.7,17.2,32.16,20262926,1000
RS-Aq,G-p0.5-l1oct+jig0.25,asbuilt,1250,31.55,28.03,69.1,36.7,17.2,32.22,20262926,1000
RS-Aq,G-p0.5-l1oct+jig0.25,asbuilt,1600,31.37,27.92,67.1,36.7,17.2,32.13,20262926,1000
RS-Aq,G-p0.5-l1oct+jig0.25,asbuilt,2000,31.22,27.76,67.0,36.7,17.2,32.01,20262926,1000
RS-Aq,G-p0.5-l1oct+jig0.25,asbuilt,2500,31.49,27.97,70.3,36.7,17.2,32.18,20262926,1000
RS-Aq,G-p0.5-l1oct+jig0.25,asbuilt,3150,32.32,28.72,78.6,36.7,17.2,32.08,20262926,1000
RS-Aq,G-p0.5-l1oct+jig0.25,asbuilt,4000,31.25,28.16,71.2,36.7,17.2,31.91,20262926,1000
RS-Bq,G-p0.5-l1oct+jig0.25,asbuilt,1000,30.88,27.39,61.2,30.6,12.3,31.59,20262926,1000
RS-Bq,G-p0.5-l1oct+jig0.25,asbuilt,1250,31.21,28.00,66.5,30.6,12.3,31.93,20262926,1000
RS-Bq,G-p0.5-l1oct+jig0.25,asbuilt,1600,31.14,27.93,66.8,30.6,12.3,31.85,20262926,1000
RS-Bq,G-p0.5-l1oct+jig0.25,asbuilt,2000,31.14,27.80,65.7,30.6,12.3,31.80,20262926,1000
RS-Bq,G-p0.5-l1oct+jig0.25,asbuilt,2500,31.41,28.14,71.1,30.6,12.3,32.09,20262926,1000
RS-Bq,G-p0.5-l1oct+jig0.25,asbuilt,3150,32.05,28.62,77.2,30.6,12.3,31.89,20262926,1000
RS-Bq,G-p0.5-l1oct+jig0.25,asbuilt,4000,31.09,28.26,69.4,30.6,12.3,31.72,20262926,1000
Taylor35,G-p0.5-l1oct+jig0.25,asbuilt,1000,30.56,26.99,56.8,26.8,8.0,31.34,20262926,1000
Taylor35,G-p0.5-l1oct+jig0.25,asbuilt,1250,31.00,27.73,62.5,26.8,8.0,31.71,20262926,1000
Taylor35,G-p0.5-l1oct+jig0.25,asbuilt,1600,30.83,27.62,62.7,26.8,8.0,31.54,20262926,1000
Taylor35,G-p0.5-l1oct+jig0.25,asbuilt,2000,30.67,27.56,60.6,26.8,8.0,31.41,20262926,1000
Taylor35,G-p0.5-l1oct+jig0.25,asbuilt,2500,31.14,27.93,67.9,26.8,8.0,31.78,20262926,1000
Taylor35,G-p0.5-l1oct+jig0.25,asbuilt,3150,31.75,28.43,74.0,26.8,8.0,31.53,20262926,1000
Taylor35,G-p0.5-l1oct+jig0.25,asbuilt,4000,30.72,28.04,65.6,26.8,8.0,31.33,20262926,1000
Dolph-20,G-p0.5-l1oct+jig0.25,amp,1000,21.86,20.74,0.0,0.0,0.0,22.42,20262927,1000
Dolph-20,G-p0.5-l1oct+jig0.25,amp,1250,21.49,20.37,0.0,0.0,0.0,22.01,20262927,1000
Dolph-20,G-p0.5-l1oct+jig0.25,amp,1600,22.35,21.49,0.0,0.0,0.0,22.84,20262927,1000
Dolph-20,G-p0.5-l1oct+jig0.25,amp,2000,22.53,21.72,0.0,0.0,0.0,22.94,20262927,1000
Dolph-20,G-p0.5-l1oct+jig0.25,amp,2500,23.31,22.40,0.0,0.0,0.0,23.70,20262927,1000
Dolph-20,G-p0.5-l1oct+jig0.25,amp,3150,22.39,21.62,0.0,0.0,0.0,22.41,20262927,1000
Dolph-20,G-p0.5-l1oct+jig0.25,amp,4000,22.42,21.76,0.0,0.0,0.0,22.69,20262927,1000
Dolph-35,G-p0.5-l1oct+jig0.25,amp,1000,30.70,27.50,58.4,36.3,18.8,31.74,20262927,1000
Dolph-35,G-p0.5-l1oct+jig0.25,amp,1250,31.57,28.11,72.0,36.3,18.8,32.28,20262927,1000
Dolph-35,G-p0.5-l1oct+jig0.25,amp,1600,31.70,28.53,74.2,36.3,18.8,32.32,20262927,1000
Dolph-35,G-p0.5-l1oct+jig0.25,amp,2000,31.70,28.58,74.6,36.3,18.8,32.29,20262927,1000
Dolph-35,G-p0.5-l1oct+jig0.25,amp,2500,31.94,28.88,77.1,36.3,18.8,32.59,20262927,1000
Dolph-35,G-p0.5-l1oct+jig0.25,amp,3150,32.02,28.70,78.2,36.3,18.8,31.69,20262927,1000
Dolph-35,G-p0.5-l1oct+jig0.25,amp,4000,31.33,28.85,73.4,36.3,18.8,31.87,20262927,1000
D20q,G-p0.5-l1oct+jig0.25,amp,1000,21.86,20.74,0.0,0.0,0.0,22.42,20262927,1000
D20q,G-p0.5-l1oct+jig0.25,amp,1250,21.49,20.37,0.0,0.0,0.0,22.01,20262927,1000
D20q,G-p0.5-l1oct+jig0.25,amp,1600,22.35,21.49,0.0,0.0,0.0,22.84,20262927,1000
D20q,G-p0.5-l1oct+jig0.25,amp,2000,22.53,21.72,0.0,0.0,0.0,22.94,20262927,1000
D20q,G-p0.5-l1oct+jig0.25,amp,2500,23.31,22.40,0.0,0.0,0.0,23.70,20262927,1000
D20q,G-p0.5-l1oct+jig0.25,amp,3150,22.39,21.62,0.0,0.0,0.0,22.41,20262927,1000
D20q,G-p0.5-l1oct+jig0.25,amp,4000,22.42,21.76,0.0,0.0,0.0,22.69,20262927,1000
D25q,G-p0.5-l1oct+jig0.25,amp,1000,25.33,23.56,0.4,0.0,0.0,26.18,20262927,1000
D25q,G-p0.5-l1oct+jig0.25,amp,1250,25.97,24.22,0.1,0.0,0.0,26.77,20262927,1000
D25q,G-p0.5-l1oct+jig0.25,amp,1600,26.62,25.13,0.1,0.0,0.0,27.23,20262927,1000
D25q,G-p0.5-l1oct+jig0.25,amp,2000,26.62,25.25,0.0,0.0,0.0,27.20,20262927,1000
D25q,G-p0.5-l1oct+jig0.25,amp,2500,27.36,25.82,0.6,0.0,0.0,27.94,20262927,1000
D25q,G-p0.5-l1oct+jig0.25,amp,3150,26.72,25.40,0.0,0.0,0.0,26.74,20262927,1000
D25q,G-p0.5-l1oct+jig0.25,amp,4000,26.58,25.43,0.0,0.0,0.0,26.93,20262927,1000
D30q,G-p0.5-l1oct+jig0.25,amp,1000,28.36,25.96,26.1,6.1,0.7,29.49,20262927,1000
D30q,G-p0.5-l1oct+jig0.25,amp,1250,29.48,26.93,41.3,6.1,0.7,30.42,20262927,1000
D30q,G-p0.5-l1oct+jig0.25,amp,1600,29.93,27.58,48.5,6.1,0.7,30.53,20262927,1000
D30q,G-p0.5-l1oct+jig0.25,amp,2000,29.82,27.63,44.5,6.1,0.7,30.46,20262927,1000
D30q,G-p0.5-l1oct+jig0.25,amp,2500,30.34,28.02,57.4,6.1,0.7,31.02,20262927,1000
D30q,G-p0.5-l1oct+jig0.25,amp,3150,30.07,27.82,51.8,6.1,0.7,29.98,20262927,1000
D30q,G-p0.5-l1oct+jig0.25,amp,4000,29.70,27.89,41.8,6.1,0.7,30.13,20262927,1000
D35q,G-p0.5-l1oct+jig0.25,amp,1000,30.70,27.50,58.4,36.3,18.8,31.74,20262927,1000
D35q,G-p0.5-l1oct+jig0.25,amp,1250,31.57,28.11,72.0,36.3,18.8,32.28,20262927,1000
D35q,G-p0.5-l1oct+jig0.25,amp,1600,31.70,28.53,74.2,36.3,18.8,32.32,20262927,1000
D35q,G-p0.5-l1oct+jig0.25,amp,2000,31.70,28.58,74.6,36.3,18.8,32.29,20262927,1000
D35q,G-p0.5-l1oct+jig0.25,amp,2500,31.94,28.88,77.1,36.3,18.8,32.59,20262927,1000
D35q,G-p0.5-l1oct+jig0.25,amp,3150,32.02,28.70,78.2,36.3,18.8,31.69,20262927,1000
D35q,G-p0.5-l1oct+jig0.25,amp,4000,31.33,28.85,73.4,36.3,18.8,31.87,20262927,1000
RS-Aq,G-p0.5-l1oct+jig0.25,amp,1000,31.78,28.37,74.6,53.4,34.2,32.63,20262927,1000
RS-Aq,G-p0.5-l1oct+jig0.25,amp,1250,32.19,28.32,76.6,53.4,34.2,32.82,20262927,1000
RS-Aq,G-p0.5-l1oct+jig0.25,amp,1600,32.35,28.75,79.3,53.4,34.2,33.03,20262927,1000
RS-Aq,G-p0.5-l1oct+jig0.25,amp,2000,32.58,28.79,81.7,53.4,34.2,33.17,20262927,1000
RS-Aq,G-p0.5-l1oct+jig0.25,amp,2500,32.52,29.03,82.6,53.4,34.2,33.29,20262927,1000
RS-Aq,G-p0.5-l1oct+jig0.25,amp,3150,32.97,28.99,82.9,53.4,34.2,32.50,20262927,1000
RS-Aq,G-p0.5-l1oct+jig0.25,amp,4000,32.03,29.08,79.9,53.4,34.2,32.69,20262927,1000
RS-Bq,G-p0.5-l1oct+jig0.25,amp,1000,30.98,27.73,63.9,45.8,27.8,31.95,20262927,1000
RS-Bq,G-p0.5-l1oct+jig0.25,amp,1250,31.90,28.31,76.0,45.8,27.8,32.48,20262927,1000
RS-Bq,G-p0.5-l1oct+jig0.25,amp,1600,32.08,28.81,78.0,45.8,27.8,32.66,20262927,1000
RS-Bq,G-p0.5-l1oct+jig0.25,amp,2000,32.19,28.85,81.5,45.8,27.8,32.82,20262927,1000
RS-Bq,G-p0.5-l1oct+jig0.25,amp,2500,32.40,29.18,82.4,45.8,27.8,33.11,20262927,1000
RS-Bq,G-p0.5-l1oct+jig0.25,amp,3150,32.74,29.03,82.7,45.8,27.8,32.31,20262927,1000
RS-Bq,G-p0.5-l1oct+jig0.25,amp,4000,31.83,29.16,79.8,45.8,27.8,32.41,20262927,1000
Taylor35,G-p0.5-l1oct+jig0.25,amp,1000,30.63,27.46,57.4,37.4,20.1,31.66,20262927,1000
Taylor35,G-p0.5-l1oct+jig0.25,amp,1250,31.54,28.12,71.9,37.4,20.1,32.24,20262927,1000
Taylor35,G-p0.5-l1oct+jig0.25,amp,1600,31.71,28.54,74.1,37.4,20.1,32.30,20262927,1000
Taylor35,G-p0.5-l1oct+jig0.25,amp,2000,31.76,28.58,76.0,37.4,20.1,32.33,20262927,1000
Taylor35,G-p0.5-l1oct+jig0.25,amp,2500,32.06,28.96,78.8,37.4,20.1,32.73,20262927,1000
Taylor35,G-p0.5-l1oct+jig0.25,amp,3150,32.29,28.81,80.3,37.4,20.1,31.92,20262927,1000
Taylor35,G-p0.5-l1oct+jig0.25,amp,4000,31.40,28.90,75.1,37.4,20.1,31.96,20262927,1000
Dolph-20,G-p0.5-l1oct+jig0.25,pair,1000,22.16,20.98,0.0,0.0,0.0,22.54,20262928,1000
Dolph-20,G-p0.5-l1oct+jig0.25,pair,1250,21.63,20.61,0.0,0.0,0.0,22.06,20262928,1000
Dolph-20,G-p0.5-l1oct+jig0.25,pair,1600,22.58,21.72,0.0,0.0,0.0,22.91,20262928,1000
Dolph-20,G-p0.5-l1oct+jig0.25,pair,2000,22.70,22.02,0.0,0.0,0.0,23.05,20262928,1000
Dolph-20,G-p0.5-l1oct+jig0.25,pair,2500,23.45,22.74,0.0,0.0,0.0,23.77,20262928,1000
Dolph-20,G-p0.5-l1oct+jig0.25,pair,3150,22.50,21.75,0.0,0.0,0.0,22.54,20262928,1000
Dolph-20,G-p0.5-l1oct+jig0.25,pair,4000,22.47,21.76,0.0,0.0,0.0,22.72,20262928,1000
Dolph-35,G-p0.5-l1oct+jig0.25,pair,1000,32.32,28.85,79.4,69.3,56.8,32.94,20262928,1000
Dolph-35,G-p0.5-l1oct+jig0.25,pair,1250,33.35,30.31,91.9,69.3,56.8,33.93,20262928,1000
Dolph-35,G-p0.5-l1oct+jig0.25,pair,1600,33.17,30.38,92.2,69.3,56.8,33.66,20262928,1000
Dolph-35,G-p0.5-l1oct+jig0.25,pair,2000,33.09,30.39,92.8,69.3,56.8,33.73,20262928,1000
Dolph-35,G-p0.5-l1oct+jig0.25,pair,2500,33.44,30.53,93.6,69.3,56.8,34.01,20262928,1000
Dolph-35,G-p0.5-l1oct+jig0.25,pair,3150,33.71,31.38,97.7,69.3,56.8,33.96,20262928,1000
Dolph-35,G-p0.5-l1oct+jig0.25,pair,4000,32.40,30.25,92.5,69.3,56.8,33.03,20262928,1000
D20q,G-p0.5-l1oct+jig0.25,pair,1000,22.16,20.98,0.0,0.0,0.0,22.54,20262928,1000
D20q,G-p0.5-l1oct+jig0.25,pair,1250,21.63,20.61,0.0,0.0,0.0,22.06,20262928,1000
D20q,G-p0.5-l1oct+jig0.25,pair,1600,22.58,21.72,0.0,0.0,0.0,22.91,20262928,1000
D20q,G-p0.5-l1oct+jig0.25,pair,2000,22.70,22.02,0.0,0.0,0.0,23.05,20262928,1000
D20q,G-p0.5-l1oct+jig0.25,pair,2500,23.45,22.74,0.0,0.0,0.0,23.77,20262928,1000
D20q,G-p0.5-l1oct+jig0.25,pair,3150,22.50,21.75,0.0,0.0,0.0,22.54,20262928,1000
D20q,G-p0.5-l1oct+jig0.25,pair,4000,22.47,21.76,0.0,0.0,0.0,22.72,20262928,1000
D25q,G-p0.5-l1oct+jig0.25,pair,1000,25.86,24.20,1.1,0.0,0.0,26.45,20262928,1000
D25q,G-p0.5-l1oct+jig0.25,pair,1250,26.53,24.86,0.9,0.0,0.0,27.06,20262928,1000
D25q,G-p0.5-l1oct+jig0.25,pair,1600,27.03,25.61,0.2,0.0,0.0,27.46,20262928,1000
D25q,G-p0.5-l1oct+jig0.25,pair,2000,27.05,25.88,0.0,0.0,0.0,27.52,20262928,1000
D25q,G-p0.5-l1oct+jig0.25,pair,2500,27.82,26.50,1.3,0.0,0.0,28.22,20262928,1000
D25q,G-p0.5-l1oct+jig0.25,pair,3150,27.14,25.91,0.2,0.0,0.0,27.18,20262928,1000
D25q,G-p0.5-l1oct+jig0.25,pair,4000,26.82,25.86,0.0,0.0,0.0,27.21,20262928,1000
D30q,G-p0.5-l1oct+jig0.25,pair,1000,29.32,26.75,39.4,15.0,3.4,30.09,20262928,1000
D30q,G-p0.5-l1oct+jig0.25,pair,1250,30.73,28.31,64.2,15.0,3.4,31.32,20262928,1000
D30q,G-p0.5-l1oct+jig0.25,pair,1600,30.75,28.76,68.6,15.0,3.4,31.24,20262928,1000
D30q,G-p0.5-l1oct+jig0.25,pair,2000,30.63,28.91,69.2,15.0,3.4,31.25,20262928,1000
D30q,G-p0.5-l1oct+jig0.25,pair,2500,31.32,29.10,78.4,15.0,3.4,31.79,20262928,1000
D30q,G-p0.5-l1oct+jig0.25,pair,3150,31.07,29.28,76.4,15.0,3.4,31.16,20262928,1000
D30q,G-p0.5-l1oct+jig0.25,pair,4000,30.28,28.82,58.3,15.0,3.4,30.79,20262928,1000
D35q,G-p0.5-l1oct+jig0.25,pair,1000,32.32,28.85,79.3,69.2,56.8,32.94,20262928,1000
D35q,G-p0.5-l1oct+jig0.25,pair,1250,33.35,30.31,91.9,69.2,56.8,33.93,20262928,1000
D35q,G-p0.5-l1oct+jig0.25,pair,1600,33.17,30.37,92.2,69.2,56.8,33.66,20262928,1000
D35q,G-p0.5-l1oct+jig0.25,pair,2000,33.09,30.39,92.8,69.2,56.8,33.73,20262928,1000
D35q,G-p0.5-l1oct+jig0.25,pair,2500,33.44,30.53,93.6,69.2,56.8,34.01,20262928,1000
D35q,G-p0.5-l1oct+jig0.25,pair,3150,33.71,31.38,97.7,69.2,56.8,33.96,20262928,1000
D35q,G-p0.5-l1oct+jig0.25,pair,4000,32.40,30.25,92.5,69.2,56.8,33.03,20262928,1000
RS-Aq,G-p0.5-l1oct+jig0.25,pair,1000,33.78,30.22,90.7,82.7,75.6,34.31,20262928,1000
RS-Aq,G-p0.5-l1oct+jig0.25,pair,1250,34.39,30.78,95.3,82.7,75.6,34.89,20262928,1000
RS-Aq,G-p0.5-l1oct+jig0.25,pair,1600,34.33,30.89,95.0,82.7,75.6,34.86,20262928,1000
RS-Aq,G-p0.5-l1oct+jig0.25,pair,2000,34.53,30.89,95.2,82.7,75.6,35.14,20262928,1000
RS-Aq,G-p0.5-l1oct+jig0.25,pair,2500,34.77,31.15,96.4,82.7,75.6,35.27,20262928,1000
RS-Aq,G-p0.5-l1oct+jig0.25,pair,3150,35.43,32.58,99.1,82.7,75.6,35.81,20262928,1000
RS-Aq,G-p0.5-l1oct+jig0.25,pair,4000,33.54,30.86,95.5,82.7,75.6,34.25,20262928,1000
RS-Bq,G-p0.5-l1oct+jig0.25,pair,1000,32.62,29.24,82.7,75.5,67.4,33.21,20262928,1000
RS-Bq,G-p0.5-l1oct+jig0.25,pair,1250,33.66,30.55,94.5,75.5,67.4,34.20,20262928,1000
RS-Bq,G-p0.5-l1oct+jig0.25,pair,1600,33.67,30.70,94.9,75.5,67.4,34.13,20262928,1000
RS-Bq,G-p0.5-l1oct+jig0.25,pair,2000,33.79,30.71,95.1,75.5,67.4,34.44,20262928,1000
RS-Bq,G-p0.5-l1oct+jig0.25,pair,2500,34.17,30.93,95.7,75.5,67.4,34.75,20262928,1000
RS-Bq,G-p0.5-l1oct+jig0.25,pair,3150,34.72,32.07,98.7,75.5,67.4,34.99,20262928,1000
RS-Bq,G-p0.5-l1oct+jig0.25,pair,4000,33.02,30.69,95.2,75.5,67.4,33.71,20262928,1000
Taylor35,G-p0.5-l1oct+jig0.25,pair,1000,32.21,28.75,78.1,69.2,58.1,32.85,20262928,1000
Taylor35,G-p0.5-l1oct+jig0.25,pair,1250,33.28,30.29,91.9,69.2,58.1,33.88,20262928,1000
Taylor35,G-p0.5-l1oct+jig0.25,pair,1600,33.17,30.45,92.3,69.2,58.1,33.64,20262928,1000
Taylor35,G-p0.5-l1oct+jig0.25,pair,2000,33.15,30.40,93.3,69.2,58.1,33.78,20262928,1000
Taylor35,G-p0.5-l1oct+jig0.25,pair,2500,33.66,30.64,94.9,69.2,58.1,34.22,20262928,1000
Taylor35,G-p0.5-l1oct+jig0.25,pair,3150,34.09,31.65,98.3,69.2,58.1,34.36,20262928,1000
Taylor35,G-p0.5-l1oct+jig0.25,pair,4000,32.52,30.31,93.3,69.2,58.1,33.15,20262928,1000
Dolph-20,G-p0.5-l1oct+jig0.25,cplx,1000,21.93,20.97,0.0,0.0,0.0,22.50,20262929,1000
Dolph-20,G-p0.5-l1oct+jig0.25,cplx,1250,21.51,20.53,0.0,0.0,0.0,22.05,20262929,1000
Dolph-20,G-p0.5-l1oct+jig0.25,cplx,1600,22.45,21.60,0.0,0.0,0.0,22.92,20262929,1000
Dolph-20,G-p0.5-l1oct+jig0.25,cplx,2000,22.58,21.83,0.0,0.0,0.0,23.00,20262929,1000
Dolph-20,G-p0.5-l1oct+jig0.25,cplx,2500,23.33,22.51,0.0,0.0,0.0,23.74,20262929,1000
Dolph-20,G-p0.5-l1oct+jig0.25,cplx,3150,22.43,21.82,0.0,0.0,0.0,22.47,20262929,1000
Dolph-20,G-p0.5-l1oct+jig0.25,cplx,4000,22.47,21.96,0.0,0.0,0.0,22.76,20262929,1000
Dolph-35,G-p0.5-l1oct+jig0.25,cplx,1000,31.71,28.47,74.6,59.1,36.8,32.62,20262929,1000
Dolph-35,G-p0.5-l1oct+jig0.25,cplx,1250,32.61,29.26,83.7,59.1,36.8,33.09,20262929,1000
Dolph-35,G-p0.5-l1oct+jig0.25,cplx,1600,32.66,29.66,87.3,59.1,36.8,33.12,20262929,1000
Dolph-35,G-p0.5-l1oct+jig0.25,cplx,2000,32.36,29.63,85.6,59.1,36.8,33.00,20262929,1000
Dolph-35,G-p0.5-l1oct+jig0.25,cplx,2500,32.83,29.80,88.1,59.1,36.8,33.27,20262929,1000
Dolph-35,G-p0.5-l1oct+jig0.25,cplx,3150,32.52,28.99,82.2,59.1,36.8,32.20,20262929,1000
Dolph-35,G-p0.5-l1oct+jig0.25,cplx,4000,32.29,29.93,89.4,59.1,36.8,32.76,20262929,1000
D20q,G-p0.5-l1oct+jig0.25,cplx,1000,21.93,20.97,0.0,0.0,0.0,22.50,20262929,1000
D20q,G-p0.5-l1oct+jig0.25,cplx,1250,21.51,20.53,0.0,0.0,0.0,22.05,20262929,1000
D20q,G-p0.5-l1oct+jig0.25,cplx,1600,22.45,21.60,0.0,0.0,0.0,22.92,20262929,1000
D20q,G-p0.5-l1oct+jig0.25,cplx,2000,22.58,21.83,0.0,0.0,0.0,23.00,20262929,1000
D20q,G-p0.5-l1oct+jig0.25,cplx,2500,23.33,22.51,0.0,0.0,0.0,23.74,20262929,1000
D20q,G-p0.5-l1oct+jig0.25,cplx,3150,22.43,21.82,0.0,0.0,0.0,22.47,20262929,1000
D20q,G-p0.5-l1oct+jig0.25,cplx,4000,22.47,21.96,0.0,0.0,0.0,22.76,20262929,1000
D25q,G-p0.5-l1oct+jig0.25,cplx,1000,25.51,23.93,0.0,0.0,0.0,26.40,20262929,1000
D25q,G-p0.5-l1oct+jig0.25,cplx,1250,26.11,24.47,0.0,0.0,0.0,26.92,20262929,1000
D25q,G-p0.5-l1oct+jig0.25,cplx,1600,26.80,25.42,0.0,0.0,0.0,27.44,20262929,1000
D25q,G-p0.5-l1oct+jig0.25,cplx,2000,26.73,25.55,0.0,0.0,0.0,27.37,20262929,1000
D25q,G-p0.5-l1oct+jig0.25,cplx,2500,27.52,26.12,0.2,0.0,0.0,28.09,20262929,1000
D25q,G-p0.5-l1oct+jig0.25,cplx,3150,26.88,25.68,0.0,0.0,0.0,26.90,20262929,1000
D25q,G-p0.5-l1oct+jig0.25,cplx,4000,26.75,25.89,0.0,0.0,0.0,27.16,20262929,1000
D30q,G-p0.5-l1oct+jig0.25,cplx,1000,28.87,26.47,29.1,9.2,1.3,29.99,20262929,1000
D30q,G-p0.5-l1oct+jig0.25,cplx,1250,30.04,27.57,51.4,9.2,1.3,30.86,20262929,1000
D30q,G-p0.5-l1oct+jig0.25,cplx,1600,30.40,28.19,60.1,9.2,1.3,31.02,20262929,1000
D30q,G-p0.5-l1oct+jig0.25,cplx,2000,30.13,28.22,53.6,9.2,1.3,30.88,20262929,1000
D30q,G-p0.5-l1oct+jig0.25,cplx,2500,30.84,28.58,67.3,9.2,1.3,31.43,20262929,1000
D30q,G-p0.5-l1oct+jig0.25,cplx,3150,30.42,28.04,61.0,9.2,1.3,30.32,20262929,1000
D30q,G-p0.5-l1oct+jig0.25,cplx,4000,30.20,28.69,57.3,9.2,1.3,30.66,20262929,1000
D35q,G-p0.5-l1oct+jig0.25,cplx,1000,31.71,28.47,74.6,59.1,36.8,32.62,20262929,1000
D35q,G-p0.5-l1oct+jig0.25,cplx,1250,32.61,29.26,83.7,59.1,36.8,33.09,20262929,1000
D35q,G-p0.5-l1oct+jig0.25,cplx,1600,32.66,29.66,87.3,59.1,36.8,33.12,20262929,1000
D35q,G-p0.5-l1oct+jig0.25,cplx,2000,32.36,29.63,85.6,59.1,36.8,33.00,20262929,1000
D35q,G-p0.5-l1oct+jig0.25,cplx,2500,32.83,29.80,88.1,59.1,36.8,33.27,20262929,1000
D35q,G-p0.5-l1oct+jig0.25,cplx,3150,32.52,28.99,82.2,59.1,36.8,32.20,20262929,1000
D35q,G-p0.5-l1oct+jig0.25,cplx,4000,32.29,29.93,89.4,59.1,36.8,32.76,20262929,1000
RS-Aq,G-p0.5-l1oct+jig0.25,cplx,1000,33.47,29.66,87.3,75.1,54.8,33.75,20262929,1000
RS-Aq,G-p0.5-l1oct+jig0.25,cplx,1250,33.42,29.67,88.6,75.1,54.8,33.85,20262929,1000
RS-Aq,G-p0.5-l1oct+jig0.25,cplx,1600,33.65,30.11,90.7,75.1,54.8,34.01,20262929,1000
RS-Aq,G-p0.5-l1oct+jig0.25,cplx,2000,33.73,30.09,90.5,75.1,54.8,34.10,20262929,1000
RS-Aq,G-p0.5-l1oct+jig0.25,cplx,2500,33.89,30.31,91.9,75.1,54.8,34.20,20262929,1000
RS-Aq,G-p0.5-l1oct+jig0.25,cplx,3150,33.76,29.32,85.2,75.1,54.8,33.12,20262929,1000
RS-Aq,G-p0.5-l1oct+jig0.25,cplx,4000,33.51,30.51,93.5,75.1,54.8,33.87,20262929,1000
RS-Bq,G-p0.5-l1oct+jig0.25,cplx,1000,32.06,28.74,78.4,66.8,47.2,32.87,20262929,1000
RS-Bq,G-p0.5-l1oct+jig0.25,cplx,1250,32.97,29.55,86.2,66.8,47.2,33.34,20262929,1000
RS-Bq,G-p0.5-l1oct+jig0.25,cplx,1600,33.12,30.05,90.0,66.8,47.2,33.50,20262929,1000
RS-Bq,G-p0.5-l1oct+jig0.25,cplx,2000,33.13,30.07,90.4,66.8,47.2,33.62,20262929,1000
RS-Bq,G-p0.5-l1oct+jig0.25,cplx,2500,33.51,30.28,92.2,66.8,47.2,33.92,20262929,1000
RS-Bq,G-p0.5-l1oct+jig0.25,cplx,3150,33.41,29.37,85.9,66.8,47.2,32.90,20262929,1000
RS-Bq,G-p0.5-l1oct+jig0.25,cplx,4000,33.03,30.36,93.2,66.8,47.2,33.44,20262929,1000
Taylor35,G-p0.5-l1oct+jig0.25,cplx,1000,31.60,28.38,73.3,58.9,37.7,32.53,20262929,1000
Taylor35,G-p0.5-l1oct+jig0.25,cplx,1250,32.58,29.26,83.6,58.9,37.7,33.04,20262929,1000
Taylor35,G-p0.5-l1oct+jig0.25,cplx,1600,32.63,29.67,87.2,58.9,37.7,33.09,20262929,1000
Taylor35,G-p0.5-l1oct+jig0.25,cplx,2000,32.45,29.65,86.7,58.9,37.7,33.05,20262929,1000
Taylor35,G-p0.5-l1oct+jig0.25,cplx,2500,33.02,29.91,89.5,58.9,37.7,33.45,20262929,1000
Taylor35,G-p0.5-l1oct+jig0.25,cplx,3150,32.84,29.14,83.4,58.9,37.7,32.45,20262929,1000
Taylor35,G-p0.5-l1oct+jig0.25,cplx,4000,32.44,30.00,90.0,58.9,37.7,32.88,20262929,1000
Dolph-20,G-p0.5-l1oct+jig0.25,paircplx,1000,22.18,21.43,0.0,0.0,0.0,22.61,20262930,1000
Dolph-20,G-p0.5-l1oct+jig0.25,paircplx,1250,21.68,20.93,0.0,0.0,0.0,22.11,20262930,1000
Dolph-20,G-p0.5-l1oct+jig0.25,paircplx,1600,22.65,21.87,0.0,0.0,0.0,23.00,20262930,1000
Dolph-20,G-p0.5-l1oct+jig0.25,paircplx,2000,22.80,22.07,0.0,0.0,0.0,23.10,20262930,1000
Dolph-20,G-p0.5-l1oct+jig0.25,paircplx,2500,23.58,22.88,0.0,0.0,0.0,23.86,20262930,1000
Dolph-20,G-p0.5-l1oct+jig0.25,paircplx,3150,22.55,21.94,0.0,0.0,0.0,22.60,20262930,1000
Dolph-20,G-p0.5-l1oct+jig0.25,paircplx,4000,22.60,22.03,0.0,0.0,0.0,22.85,20262930,1000
Dolph-35,G-p0.5-l1oct+jig0.25,paircplx,1000,33.37,30.40,93.3,92.4,90.6,34.41,20262930,1000
Dolph-35,G-p0.5-l1oct+jig0.25,paircplx,1250,34.65,31.85,99.3,92.4,90.6,35.32,20262930,1000
Dolph-35,G-p0.5-l1oct+jig0.25,paircplx,1600,34.34,32.08,99.3,92.4,90.6,35.11,20262930,1000
Dolph-35,G-p0.5-l1oct+jig0.25,paircplx,2000,34.38,32.13,99.1,92.4,90.6,35.04,20262930,1000
Dolph-35,G-p0.5-l1oct+jig0.25,paircplx,2500,34.82,32.22,99.7,92.4,90.6,35.41,20262930,1000
Dolph-35,G-p0.5-l1oct+jig0.25,paircplx,3150,34.60,32.30,99.6,92.4,90.6,34.74,20262930,1000
Dolph-35,G-p0.5-l1oct+jig0.25,paircplx,4000,33.92,32.19,99.8,92.4,90.6,34.54,20262930,1000
D20q,G-p0.5-l1oct+jig0.25,paircplx,1000,22.18,21.43,0.0,0.0,0.0,22.61,20262930,1000
D20q,G-p0.5-l1oct+jig0.25,paircplx,1250,21.68,20.93,0.0,0.0,0.0,22.11,20262930,1000
D20q,G-p0.5-l1oct+jig0.25,paircplx,1600,22.65,21.87,0.0,0.0,0.0,23.00,20262930,1000
D20q,G-p0.5-l1oct+jig0.25,paircplx,2000,22.80,22.07,0.0,0.0,0.0,23.10,20262930,1000
D20q,G-p0.5-l1oct+jig0.25,paircplx,2500,23.58,22.88,0.0,0.0,0.0,23.86,20262930,1000
D20q,G-p0.5-l1oct+jig0.25,paircplx,3150,22.55,21.94,0.0,0.0,0.0,22.60,20262930,1000
D20q,G-p0.5-l1oct+jig0.25,paircplx,4000,22.60,22.03,0.0,0.0,0.0,22.85,20262930,1000
D25q,G-p0.5-l1oct+jig0.25,paircplx,1000,26.06,24.73,0.0,0.0,0.0,26.71,20262930,1000
D25q,G-p0.5-l1oct+jig0.25,paircplx,1250,26.68,25.27,0.1,0.0,0.0,27.27,20262930,1000
D25q,G-p0.5-l1oct+jig0.25,paircplx,1600,27.26,26.01,0.1,0.0,0.0,27.78,20262930,1000
D25q,G-p0.5-l1oct+jig0.25,paircplx,2000,27.31,26.23,0.1,0.0,0.0,27.79,20262930,1000
D25q,G-p0.5-l1oct+jig0.25,paircplx,2500,28.13,26.95,1.1,0.0,0.0,28.53,20262930,1000
D25q,G-p0.5-l1oct+jig0.25,paircplx,3150,27.27,26.37,0.0,0.0,0.0,27.36,20262930,1000
D25q,G-p0.5-l1oct+jig0.25,paircplx,4000,27.14,26.32,0.0,0.0,0.0,27.51,20262930,1000
D30q,G-p0.5-l1oct+jig0.25,paircplx,1000,29.84,27.79,45.2,34.8,15.6,30.77,20262930,1000
D30q,G-p0.5-l1oct+jig0.25,paircplx,1250,31.24,29.02,77.8,34.8,15.6,31.94,20262930,1000
D30q,G-p0.5-l1oct+jig0.25,paircplx,1600,31.40,29.62,84.5,34.8,15.6,32.00,20262930,1000
D30q,G-p0.5-l1oct+jig0.25,paircplx,2000,31.38,29.78,86.8,34.8,15.6,31.93,20262930,1000
D30q,G-p0.5-l1oct+jig0.25,paircplx,2500,32.07,30.14,91.8,34.8,15.6,32.57,20262930,1000
D30q,G-p0.5-l1oct+jig0.25,paircplx,3150,31.44,29.94,88.9,34.8,15.6,31.60,20262930,1000
D30q,G-p0.5-l1oct+jig0.25,paircplx,4000,31.12,29.96,88.7,34.8,15.6,31.59,20262930,1000
D35q,G-p0.5-l1oct+jig0.25,paircplx,1000,33.37,30.40,93.3,92.4,90.6,34.41,20262930,1000
D35q,G-p0.5-l1oct+jig0.25,paircplx,1250,34.65,31.85,99.3,92.4,90.6,35.32,20262930,1000
D35q,G-p0.5-l1oct+jig0.25,paircplx,1600,34.34,32.08,99.3,92.4,90.6,35.11,20262930,1000
D35q,G-p0.5-l1oct+jig0.25,paircplx,2000,34.37,32.13,99.1,92.4,90.6,35.04,20262930,1000
D35q,G-p0.5-l1oct+jig0.25,paircplx,2500,34.82,32.22,99.7,92.4,90.6,35.41,20262930,1000
D35q,G-p0.5-l1oct+jig0.25,paircplx,3150,34.60,32.30,99.6,92.4,90.6,34.74,20262930,1000
D35q,G-p0.5-l1oct+jig0.25,paircplx,4000,33.92,32.19,99.8,92.4,90.6,34.54,20262930,1000
RS-Aq,G-p0.5-l1oct+jig0.25,paircplx,1000,35.95,32.51,99.4,99.2,98.7,36.51,20262930,1000
RS-Aq,G-p0.5-l1oct+jig0.25,paircplx,1250,36.32,33.18,99.7,99.2,98.7,36.92,20262930,1000
RS-Aq,G-p0.5-l1oct+jig0.25,paircplx,1600,36.17,33.36,99.8,99.2,98.7,36.92,20262930,1000
RS-Aq,G-p0.5-l1oct+jig0.25,paircplx,2000,36.36,33.36,99.9,99.2,98.7,37.17,20262930,1000
RS-Aq,G-p0.5-l1oct+jig0.25,paircplx,2500,36.67,33.37,99.9,99.2,98.7,37.29,20262930,1000
RS-Aq,G-p0.5-l1oct+jig0.25,paircplx,3150,36.92,33.56,99.8,99.2,98.7,37.01,20262930,1000
RS-Aq,G-p0.5-l1oct+jig0.25,paircplx,4000,35.80,33.24,99.9,99.2,98.7,36.52,20262930,1000
RS-Bq,G-p0.5-l1oct+jig0.25,paircplx,1000,33.83,30.88,96.0,95.6,95.0,34.78,20262930,1000
RS-Bq,G-p0.5-l1oct+jig0.25,paircplx,1250,35.18,32.52,99.7,95.6,95.0,35.73,20262930,1000
RS-Bq,G-p0.5-l1oct+jig0.25,paircplx,1600,35.00,32.77,99.8,95.6,95.0,35.74,20262930,1000
RS-Bq,G-p0.5-l1oct+jig0.25,paircplx,2000,35.28,32.87,99.7,95.6,95.0,36.04,20262930,1000
RS-Bq,G-p0.5-l1oct+jig0.25,paircplx,2500,35.83,32.99,99.9,95.6,95.0,36.47,20262930,1000
RS-Bq,G-p0.5-l1oct+jig0.25,paircplx,3150,35.85,33.18,99.8,95.6,95.0,36.03,20262930,1000
RS-Bq,G-p0.5-l1oct+jig0.25,paircplx,4000,34.86,32.84,99.9,95.6,95.0,35.56,20262930,1000
Taylor35,G-p0.5-l1oct+jig0.25,paircplx,1000,33.24,30.32,92.9,92.4,90.8,34.28,20262930,1000
Taylor35,G-p0.5-l1oct+jig0.25,paircplx,1250,34.60,31.82,99.3,92.4,90.8,35.25,20262930,1000
Taylor35,G-p0.5-l1oct+jig0.25,paircplx,1600,34.34,32.11,99.4,92.4,90.8,35.07,20262930,1000
Taylor35,G-p0.5-l1oct+jig0.25,paircplx,2000,34.44,32.17,99.5,92.4,90.8,35.12,20262930,1000
Taylor35,G-p0.5-l1oct+jig0.25,paircplx,2500,35.12,32.48,99.7,92.4,90.8,35.71,20262930,1000
Taylor35,G-p0.5-l1oct+jig0.25,paircplx,3150,35.06,32.63,99.7,92.4,90.8,35.23,20262930,1000
Taylor35,G-p0.5-l1oct+jig0.25,paircplx,4000,34.11,32.34,99.9,92.4,90.8,34.72,20262930,1000
