design,order_or_kind,xo_hz_or_arc_deg,band_or_param,c0,c1,c2,c3,c4,c5,c6,c7
X2-LR4-600-e0.1m35,4,600,1,6.726956540445e-02,3.913654453989e-02,4.824419439203e-02,5.691326953026e-02,6.462352923970e-02,7.089250795934e-02,7.531625750236e-02,7.760413143198e-02
X2-LR4-600-e0.1m35,4,600,2,9.607323556917e-03,2.166306685662e-02,3.827139986573e-02,5.684556811603e-02,7.502125744237e-02,9.037754415453e-02,1.012805613503e-01,1.069332786575e-01
X2-LR4-600-e1m30,4,600,1,6.726956540445e-02,3.913654453989e-02,4.824419439203e-02,5.691326953026e-02,6.462352923970e-02,7.089250795934e-02,7.531625750236e-02,7.760413143198e-02
X2-LR4-600-e1m30,4,600,2,1.385837190322e-02,2.513676729398e-02,4.073838938149e-02,5.765475200345e-02,7.406756424964e-02,8.790579883318e-02,9.774221466621e-02,1.028961416688e-01
X2-LR4-600-e3m30,4,600,1,6.726956540445e-02,3.913654453989e-02,4.824419439203e-02,5.691326953026e-02,6.462352923970e-02,7.089250795934e-02,7.531625750236e-02,7.760413143198e-02
X2-LR4-600-e3m30,4,600,2,1.537518961765e-02,2.577991576597e-02,4.104646539129e-02,5.746267295822e-02,7.349148074770e-02,8.723402447084e-02,9.716884880263e-02,1.024414022457e-01
X2-LR4-700-e0.1m35,4,700,1,6.726956540445e-02,3.913654453989e-02,4.824419439203e-02,5.691326953026e-02,6.462352923970e-02,7.089250795934e-02,7.531625750236e-02,7.760413143198e-02
X2-LR4-700-e0.1m35,4,700,2,8.347600123832e-03,2.092430171394e-02,3.860461919850e-02,5.791118325782e-02,7.607726371851e-02,9.087695430141e-02,1.010557818952e-01,1.062022957908e-01
X2-LR4-700-e1m30,4,700,1,6.726956540445e-02,3.913654453989e-02,4.824419439203e-02,5.691326953026e-02,6.462352923970e-02,7.089250795934e-02,7.531625750236e-02,7.760413143198e-02
X2-LR4-700-e1m30,4,700,2,1.201201010001e-02,2.358971861466e-02,3.988336574676e-02,5.758430337574e-02,7.462004349262e-02,8.891687937762e-02,9.905439281345e-02,1.043392864792e-01
X2-LR4-700-e3m30,4,700,1,6.726956540445e-02,3.913654453989e-02,4.824419439203e-02,5.691326953026e-02,6.462352923970e-02,7.089250795934e-02,7.531625750236e-02,7.760413143198e-02
X2-LR4-700-e3m30,4,700,2,1.350004652175e-02,2.428128749085e-02,4.012232255830e-02,5.728307940506e-02,7.398255266023e-02,8.825857868162e-02,9.856311827241e-02,1.040090144098e-01
X2-LR4-800-e0.1m35,4,800,1,6.726956540445e-02,3.913654453989e-02,4.824419439203e-02,5.691326953026e-02,6.462352923970e-02,7.089250795934e-02,7.531625750236e-02,7.760413143198e-02
X2-LR4-800-e0.1m35,4,800,2,6.765003397528e-03,2.011863557353e-02,3.933772690943e-02,5.961644082581e-02,7.761898841821e-02,9.143115189520e-02,1.003970661786e-01,1.047149868017e-01
X2-LR4-800-e1m30,4,800,1,6.726956540445e-02,3.913654453989e-02,4.824419439203e-02,5.691326953026e-02,6.462352923970e-02,7.089250795934e-02,7.531625750236e-02,7.760413143198e-02
X2-LR4-800-e1m30,4,800,2,9.587105293790e-03,2.150035450972e-02,3.872269025844e-02,5.747623197470e-02,7.534832751461e-02,9.026625379212e-02,1.008160703171e-01,1.062829663395e-01
X2-LR4-800-e3m30,4,800,1,6.726956540445e-02,3.913654453989e-02,4.824419439203e-02,5.691326953026e-02,6.462352923970e-02,7.089250795934e-02,7.531625750236e-02,7.760413143198e-02
X2-LR4-800-e3m30,4,800,2,1.102246372521e-02,2.222936289035e-02,3.884233539215e-02,5.701246926165e-02,7.462998387642e-02,8.964413815873e-02,1.004644566926e-01,1.061547900029e-01
X3-LR4-700/1400-e0.1m35,4,700/1400,1,6.726956540445e-02,3.913654453989e-02,4.824419439203e-02,5.691326953026e-02,6.462352923970e-02,7.089250795934e-02,7.531625750236e-02,7.760413143198e-02
X3-LR4-700/1400-e0.1m35,4,700/1400,2,3.408912358591e-02,-6.850663889403e-03,4.175076164176e-02,4.804990979185e-02,7.971977878090e-02,8.754108170671e-02,1.021964728458e-01,1.135035355365e-01
X3-LR4-700/1400-e0.1m35,4,700/1400,3,1.630381635358e-02,4.644887529209e-02,6.642186453433e-02,7.437937976341e-02,7.591398826694e-02,7.652848887296e-02,7.402860576753e-02,6.997498114916e-02
X3-LR4-700/1400-e1m30,4,700/1400,1,6.726956540445e-02,3.913654453989e-02,4.824419439203e-02,5.691326953026e-02,6.462352923970e-02,7.089250795934e-02,7.531625750236e-02,7.760413143198e-02
X3-LR4-700/1400-e1m30,4,700/1400,2,5.256089586054e-02,-1.326592083233e-02,7.366286546973e-02,4.324987930154e-02,8.095107746747e-02,7.887868335154e-02,9.113533980136e-02,9.282717958015e-02
X3-LR4-700/1400-e1m30,4,700/1400,3,7.097912958473e-03,2.467072100039e-02,3.752450049729e-02,5.494406409046e-02,7.263997713131e-02,8.987709864623e-02,1.030498717121e-01,1.101958539637e-01
X3-LR4-700/1400-e3m30,4,700/1400,1,6.726956540445e-02,3.913654453989e-02,4.824419439203e-02,5.691326953026e-02,6.462352923970e-02,7.089250795934e-02,7.531625750236e-02,7.760413143198e-02
X3-LR4-700/1400-e3m30,4,700/1400,2,6.256037001390e-02,-2.136806050249e-02,8.528032491864e-02,3.657817679018e-02,8.353261088442e-02,7.512033209001e-02,8.916054020435e-02,8.913570560099e-02
X3-LR4-700/1400-e3m30,4,700/1400,3,5.029874952370e-03,2.109959210036e-02,3.369400030668e-02,5.294693419391e-02,7.265758407897e-02,9.200704510508e-02,1.071050961399e-01,1.154598731227e-01
X3-LR4-700/1600-e0.1m35,4,700/1600,1,6.726956540445e-02,3.913654453989e-02,4.824419439203e-02,5.691326953026e-02,6.462352923970e-02,7.089250795934e-02,7.531625750236e-02,7.760413143198e-02
X3-LR4-700/1600-e0.1m35,4,700/1600,2,2.598928588566e-02,1.569042566551e-03,4.140126684017e-02,4.870489408376e-02,8.031492394637e-02,8.770180662975e-02,1.029820297889e-01,1.113367502588e-01
X3-LR4-700/1600-e0.1m35,4,700/1600,3,1.696567826723e-02,4.969540154302e-02,7.080809672984e-02,7.777746058210e-02,7.599988771512e-02,7.419346814019e-02,6.981495420241e-02,6.474505282008e-02
X3-LR4-700/1600-e1m30,4,700/1600,1,6.726956540445e-02,3.913654453989e-02,4.824419439203e-02,5.691326953026e-02,6.462352923970e-02,7.089250795934e-02,7.531625750236e-02,7.760413143198e-02
X3-LR4-700/1600-e1m30,4,700/1600,2,4.105123492627e-02,-2.205061727561e-03,6.392830649255e-02,4.496203110779e-02,8.143664843223e-02,7.988675841738e-02,9.486880577673e-02,9.607127657460e-02
X3-LR4-700/1600-e1m30,4,700/1600,3,6.919287216805e-03,2.577064292376e-02,3.889118219611e-02,5.645427964727e-02,7.279097301612e-02,8.932845253284e-02,1.015451412547e-01,1.083000412124e-01
X3-LR4-700/1600-e3m30,4,700/1600,1,6.726956540445e-02,3.913654453989e-02,4.824419439203e-02,5.691326953026e-02,6.462352923970e-02,7.089250795934e-02,7.531625750236e-02,7.760413143198e-02
X3-LR4-700/1600-e3m30,4,700/1600,2,4.859222151553e-02,-6.894373017053e-03,7.168551884913e-02,4.098109068938e-02,8.294327420131e-02,7.686330725369e-02,9.302679487568e-02,9.280216563232e-02
X3-LR4-700/1600-e3m30,4,700/1600,3,4.125388584583e-03,2.078965189803e-02,3.337468032433e-02,5.306923718537e-02,7.246841933149e-02,9.231709474807e-02,1.075992469552e-01,1.162562809729e-01
X3-LR4-700/2000-e0.1m35,4,700/2000,1,6.726956540445e-02,3.913654453989e-02,4.824419439203e-02,5.691326953026e-02,6.462352923970e-02,7.089250795934e-02,7.531625750236e-02,7.760413143198e-02
X3-LR4-700/2000-e0.1m35,4,700/2000,2,1.752538095275e-02,1.061218014244e-02,3.964435886125e-02,5.155595948820e-02,7.943170221299e-02,8.893735767271e-02,1.030907043525e-01,1.092023563172e-01
X3-LR4-700/2000-e0.1m35,4,700/2000,3,1.826960319751e-02,5.597341538352e-02,7.928048973551e-02,8.321942785039e-02,7.440412030542e-02,6.871816217120e-02,6.272797296690e-02,5.740680838956e-02
X3-LR4-700/2000-e1m30,4,700/2000,1,6.726956540445e-02,3.913654453989e-02,4.824419439203e-02,5.691326953026e-02,6.462352923970e-02,7.089250795934e-02,7.531625750236e-02,7.760413143198e-02
X3-LR4-700/2000-e1m30,4,700/2000,2,2.905581100521e-02,9.928445466859e-03,5.208413694000e-02,4.950407969366e-02,7.903081684204e-02,8.301355388919e-02,9.747778764326e-02,9.990536851979e-02
X3-LR4-700/2000-e1m30,4,700/2000,3,6.896489636834e-03,2.952000450792e-02,4.469381460450e-02,6.214923317605e-02,7.445276119651e-02,8.715781023117e-02,9.528505857136e-02,9.984482807566e-02
X3-LR4-700/2000-e3m30,4,700/2000,1,6.726956540445e-02,3.913654453989e-02,4.824419439203e-02,5.691326953026e-02,6.462352923970e-02,7.089250795934e-02,7.531625750236e-02,7.760413143198e-02
X3-LR4-700/2000-e3m30,4,700/2000,2,3.426464664998e-02,8.121177367554e-03,5.623113960275e-02,4.802207311160e-02,7.920893403821e-02,8.107981604676e-02,9.569568919605e-02,9.737652398711e-02
X3-LR4-700/2000-e3m30,4,700/2000,3,2.670542518585e-03,2.148051261710e-02,3.514703366927e-02,5.532417542293e-02,7.316644096443e-02,9.203408747865e-02,1.060187493936e-01,1.141584579355e-01
X3-LR4-800/1600-e0.1m35,4,800/1600,1,6.726956540445e-02,3.913654453989e-02,4.824419439203e-02,5.691326953026e-02,6.462352923970e-02,7.089250795934e-02,7.531625750236e-02,7.760413143198e-02
X3-LR4-800/1600-e0.1m35,4,800/1600,2,2.036807732145e-02,-4.537460323829e-04,3.829012595381e-02,4.956790607087e-02,8.200068078795e-02,9.031860084264e-02,1.057187747477e-01,1.141895803080e-01
X3-LR4-800/1600-e0.1m35,4,800/1600,3,1.803145646668e-02,5.040293086142e-02,7.072978422213e-02,7.659779133844e-02,7.458860576843e-02,7.349623938838e-02,7.022384394341e-02,6.592934801110e-02
X3-LR4-800/1600-e1m30,4,800/1600,1,6.726956540445e-02,3.913654453989e-02,4.824419439203e-02,5.691326953026e-02,6.462352923970e-02,7.089250795934e-02,7.531625750236e-02,7.760413143198e-02
X3-LR4-800/1600-e1m30,4,800/1600,2,3.545821335650e-02,-2.847063903662e-03,6.104222794354e-02,4.586704722201e-02,8.272223341694e-02,8.196362248837e-02,9.730655224529e-02,9.848716723101e-02
X3-LR4-800/1600-e1m30,4,800/1600,3,7.850404195150e-03,2.617793956846e-02,3.884335122306e-02,5.571297235656e-02,7.188754374321e-02,8.884206192474e-02,1.017119913806e-01,1.089737356083e-01
X3-LR4-800/1600-e3m30,4,800/1600,1,6.726956540445e-02,3.913654453989e-02,4.824419439203e-02,5.691326953026e-02,6.462352923970e-02,7.089250795934e-02,7.531625750236e-02,7.760413143198e-02
X3-LR4-800/1600-e3m30,4,800/1600,2,4.301834639405e-02,-6.478895615022e-03,6.855086466739e-02,4.229429936113e-02,8.390420544070e-02,7.878561068891e-02,9.508214971868e-02,9.484341934415e-02
X3-LR4-800/1600-e3m30,4,800/1600,3,4.833855268135e-03,2.080395537059e-02,3.300547833094e-02,5.214628525696e-02,7.160208574408e-02,9.206394068087e-02,1.081525149200e-01,1.173918844284e-01
X2-LR8-600-e0.1m35,8,600,1,6.726956540445e-02,3.913654453989e-02,4.824419439203e-02,5.691326953026e-02,6.462352923970e-02,7.089250795934e-02,7.531625750236e-02,7.760413143198e-02
X2-LR8-600-e0.1m35,8,600,2,1.117865115700e-02,2.266878781464e-02,3.809811042849e-02,5.583923079898e-02,7.393039627018e-02,8.972698212414e-02,1.012358107358e-01,1.073220306708e-01
X2-LR8-600-e1m30,8,600,1,6.726956540445e-02,3.913654453989e-02,4.824419439203e-02,5.691326953026e-02,6.462352923970e-02,7.089250795934e-02,7.531625750236e-02,7.760413143198e-02
X2-LR8-600-e1m30,8,600,2,1.602190764891e-02,2.687313233659e-02,4.165643792126e-02,5.768971108362e-02,7.342399550343e-02,8.676803802225e-02,9.627765438844e-02,1.012891230955e-01
X2-LR8-600-e3m30,8,600,1,6.726956540445e-02,3.913654453989e-02,4.824419439203e-02,5.691326953026e-02,6.462352923970e-02,7.089250795934e-02,7.531625750236e-02,7.760413143198e-02
X2-LR8-600-e3m30,8,600,2,1.755855758291e-02,2.744516511517e-02,4.202983259577e-02,5.760861387985e-02,7.291047820642e-02,8.608750660466e-02,9.563367611068e-02,1.007261699046e-01
X2-LR8-700-e0.1m35,8,700,1,6.726956540445e-02,3.913654453989e-02,4.824419439203e-02,5.691326953026e-02,6.462352923970e-02,7.089250795934e-02,7.531625750236e-02,7.760413143198e-02
X2-LR8-700-e0.1m35,8,700,2,1.067398504366e-02,2.234165504429e-02,3.816957884396e-02,5.626718020028e-02,7.442669060599e-02,8.999754266596e-02,1.011502562905e-01,1.069731113053e-01
X2-LR8-700-e1m30,8,700,1,6.726956540445e-02,3.913654453989e-02,4.824419439203e-02,5.691326953026e-02,6.462352923970e-02,7.089250795934e-02,7.531625750236e-02,7.760413143198e-02
X2-LR8-700-e1m30,8,700,2,1.519944306171e-02,2.615441725104e-02,4.118782670203e-02,5.759439628461e-02,7.367044103422e-02,8.726686114313e-02,9.692794307178e-02,1.019986714515e-01
X2-LR8-700-e3m30,8,700,1,6.726956540445e-02,3.913654453989e-02,4.824419439203e-02,5.691326953026e-02,6.462352923970e-02,7.089250795934e-02,7.531625750236e-02,7.760413143198e-02
X2-LR8-700-e3m30,8,700,2,1.672046413136e-02,2.676359389093e-02,4.154796977032e-02,5.746399673894e-02,7.311053093178e-02,8.657403699707e-02,9.631757638016e-02,1.015018311594e-01
X2-LR8-800-e0.1m35,8,800,1,6.726956540445e-02,3.913654453989e-02,4.824419439203e-02,5.691326953026e-02,6.462352923970e-02,7.089250795934e-02,7.531625750236e-02,7.760413143198e-02
X2-LR8-800-e0.1m35,8,800,2,9.613854468006e-03,2.171594166382e-02,3.848907241042e-02,5.739524278792e-02,7.563403361047e-02,9.054943620907e-02,1.007383642273e-01,1.058640546230e-01
X2-LR8-800-e1m30,8,800,1,6.726956540445e-02,3.913654453989e-02,4.824419439203e-02,5.691326953026e-02,6.462352923970e-02,7.089250795934e-02,7.531625750236e-02,7.760413143198e-02
X2-LR8-800-e1m30,8,800,2,1.337022876379e-02,2.451237379215e-02,4.009238981753e-02,5.734303995993e-02,7.420702942420e-02,8.839817049608e-02,9.842734383548e-02,1.036494239108e-01
X2-LR8-800-e3m30,8,800,1,6.726956540445e-02,3.913654453989e-02,4.824419439203e-02,5.691326953026e-02,6.462352923970e-02,7.089250795934e-02,7.531625750236e-02,7.760413143198e-02
X2-LR8-800-e3m30,8,800,2,1.483928213579e-02,2.518880679057e-02,4.041138859846e-02,5.709713689892e-02,7.354651848765e-02,8.768916886833e-02,9.790871858745e-02,1.033189796328e-01
X3-LR8-700/1400-e0.1m35,8,700/1400,1,6.726956540445e-02,3.913654453989e-02,4.824419439203e-02,5.691326953026e-02,6.462352923970e-02,7.089250795934e-02,7.531625750236e-02,7.760413143198e-02
X3-LR8-700/1400-e0.1m35,8,700/1400,2,3.762485639565e-02,6.246087654281e-03,4.255913875232e-02,6.391652610457e-02,6.896506911881e-02,8.347339698710e-02,9.683400651599e-02,1.003809184713e-01
X3-LR8-700/1400-e0.1m35,8,700/1400,3,1.528948124311e-02,3.878273928645e-02,6.027832976943e-02,7.323829737218e-02,7.956183815385e-02,8.064570546088e-02,7.771735539107e-02,7.448625332304e-02
X3-LR8-700/1400-e1m30,8,700/1400,1,6.726956540445e-02,3.913654453989e-02,4.824419439203e-02,5.691326953026e-02,6.462352923970e-02,7.089250795934e-02,7.531625750236e-02,7.760413143198e-02
X3-LR8-700/1400-e1m30,8,700/1400,2,6.229483894184e-02,-2.335171441229e-02,7.505854165601e-02,6.135532988948e-02,5.548976596293e-02,8.676193683363e-02,9.399330524156e-02,8.839799588683e-02
X3-LR8-700/1400-e1m30,8,700/1400,3,8.844891460546e-03,2.225684024446e-02,3.715947786566e-02,5.445859886463e-02,7.378320451044e-02,9.058445912512e-02,1.029022554807e-01,1.100102724485e-01
X3-LR8-700/1400-e3m30,8,700/1400,1,6.726956540445e-02,3.913654453989e-02,4.824419439203e-02,5.691326953026e-02,6.462352923970e-02,7.089250795934e-02,7.531625750236e-02,7.760413143198e-02
X3-LR8-700/1400-e3m30,8,700/1400,2,7.446903198858e-02,-4.144933188807e-02,9.288101993297e-02,5.474669306505e-02,5.177707808911e-02,9.054606094545e-02,9.014125802807e-02,8.688818983883e-02
X3-LR8-700/1400-e3m30,8,700/1400,3,7.289437443854e-03,1.921128675989e-02,3.393183441469e-02,5.244386573461e-02,7.339525527081e-02,9.220808030784e-02,1.066065976740e-01,1.149136423943e-01
X3-LR8-700/1600-e0.1m35,8,700/1600,1,6.726956540445e-02,3.913654453989e-02,4.824419439203e-02,5.691326953026e-02,6.462352923970e-02,7.089250795934e-02,7.531625750236e-02,7.760413143198e-02
X3-LR8-700/1600-e0.1m35,8,700/1600,2,3.150636602679e-02,7.415001178336e-03,4.849093995851e-02,5.743088054328e-02,7.007280616910e-02,8.806683769717e-02,9.527344680085e-02,1.017437216259e-01
X3-LR8-700/1600-e0.1m35,8,700/1600,3,1.636775702627e-02,4.341952303589e-02,6.643537015180e-02,7.833703572904e-02,8.147280764050e-02,7.788650413862e-02,7.081559753720e-02,6.526540474067e-02
X3-LR8-700/1600-e1m30,8,700/1600,1,6.726956540445e-02,3.913654453989e-02,4.824419439203e-02,5.691326953026e-02,6.462352923970e-02,7.089250795934e-02,7.531625750236e-02,7.760413143198e-02
X3-LR8-700/1600-e1m30,8,700/1600,2,5.124080386880e-02,-1.413268387532e-02,7.671711206650e-02,4.601973803373e-02,6.708331445049e-02,9.112658428411e-02,8.511935174331e-02,9.682577942838e-02
X3-LR8-700/1600-e1m30,8,700/1600,3,9.862053799124e-03,2.571862494291e-02,4.156078820811e-02,5.885182229009e-02,7.581804520725e-02,8.856569287738e-02,9.744656518555e-02,1.021764074896e-01
X3-LR8-700/1600-e3m30,8,700/1600,1,6.726956540445e-02,3.913654453989e-02,4.824419439203e-02,5.691326953026e-02,6.462352923970e-02,7.089250795934e-02,7.531625750236e-02,7.760413143198e-02
X3-LR8-700/1600-e3m30,8,700/1600,2,6.114987605680e-02,-2.865560608766e-02,9.348288580512e-02,3.560019615902e-02,6.874652358026e-02,9.331701728199e-02,7.923911349851e-02,9.711999370597e-02
X3-LR8-700/1600-e3m30,8,700/1600,3,7.468519216414e-03,2.073194223189e-02,3.576285153226e-02,5.454442704427e-02,7.437092301248e-02,9.128744751044e-02,1.043761478222e-01,1.114577416300e-01
X3-LR8-700/2000-e0.1m35,8,700/2000,1,6.726956540445e-02,3.913654453989e-02,4.824419439203e-02,5.691326953026e-02,6.462352923970e-02,7.089250795934e-02,7.531625750236e-02,7.760413143198e-02
X3-LR8-700/2000-e0.1m35,8,700/2000,2,2.293753269573e-02,1.217030042009e-02,4.954801305945e-02,4.991744419923e-02,7.771794756206e-02,8.611604374919e-02,9.816021531444e-02,1.034325029998e-01
X3-LR8-700/2000-e0.1m35,8,700/2000,3,1.862733796486e-02,5.208764331195e-02,7.557961615400e-02,8.168339168406e-02,7.614590842910e-02,6.944006145979e-02,6.482855746560e-02,6.160748353064e-02
X3-LR8-700/2000-e1m30,8,700/2000,1,6.726956540445e-02,3.913654453989e-02,4.824419439203e-02,5.691326953026e-02,6.462352923970e-02,7.089250795934e-02,7.531625750236e-02,7.760413143198e-02
X3-LR8-700/2000-e1m30,8,700/2000,2,3.642021261347e-02,3.407715076030e-03,6.645508376750e-02,3.946895281072e-02,8.325717490060e-02,7.853436859344e-02,9.541223788114e-02,9.704425435711e-02
X3-LR8-700/2000-e1m30,8,700/2000,3,1.199106839329e-02,3.560450327002e-02,5.715440971262e-02,7.601396344691e-02,8.441205016511e-02,8.360732388626e-02,7.812569251902e-02,7.309098860677e-02
X3-LR8-700/2000-e3m30,8,700/2000,1,6.726956540445e-02,3.913654453989e-02,4.824419439203e-02,5.691326953026e-02,6.462352923970e-02,7.089250795934e-02,7.531625750236e-02,7.760413143198e-02
X3-LR8-700/2000-e3m30,8,700/2000,2,4.363218308066e-02,-4.968333421873e-03,7.707758243703e-02,3.043916246835e-02,8.908225342345e-02,7.324504259729e-02,9.639295511721e-02,9.509915429788e-02
X3-LR8-700/2000-e3m30,8,700/2000,3,1.002355568287e-02,3.092547036022e-02,5.122848604609e-02,7.124578490454e-02,8.269267660286e-02,8.634168857907e-02,8.499385322222e-02,8.254848460213e-02
X3-LR8-800/1600-e0.1m35,8,800/1600,1,6.726956540445e-02,3.913654453989e-02,4.824419439203e-02,5.691326953026e-02,6.462352923970e-02,7.089250795934e-02,7.531625750236e-02,7.760413143198e-02
X3-LR8-800/1600-e0.1m35,8,800/1600,2,2.598951739326e-02,9.285396099745e-03,4.512620499078e-02,5.809684657571e-02,7.198735434935e-02,8.930754523823e-02,9.700020232849e-02,1.032069330244e-01
X3-LR8-800/1600-e0.1m35,8,800/1600,3,1.636506022918e-02,4.280377303103e-02,6.557055782862e-02,7.738864710747e-02,8.064002596087e-02,7.787597627832e-02,7.202587937053e-02,6.733008019397e-02
X3-LR8-800/1600-e1m30,8,800/1600,1,6.726956540445e-02,3.913654453989e-02,4.824419439203e-02,5.691326953026e-02,6.462352923970e-02,7.089250795934e-02,7.531625750236e-02,7.760413143198e-02
X3-LR8-800/1600-e1m30,8,800/1600,2,4.566296595886e-02,-1.191166505388e-02,7.295846690610e-02,4.612571911409e-02,6.890866338854e-02,9.203965001183e-02,8.720517222410e-02,9.901102745036e-02
X3-LR8-800/1600-e1m30,8,800/1600,3,9.929655979793e-03,2.524221955275e-02,4.076083038853e-02,5.789257751965e-02,7.504092210944e-02,8.863437775195e-02,9.856251785180e-02,1.039368988461e-01
X3-LR8-800/1600-e3m30,8,800/1600,1,6.726956540445e-02,3.913654453989e-02,4.824419439203e-02,5.691326953026e-02,6.462352923970e-02,7.089250795934e-02,7.531625750236e-02,7.760413143198e-02
X3-LR8-800/1600-e3m30,8,800/1600,2,5.503133721347e-02,-2.484130808650e-02,8.849995999045e-02,3.627780901439e-02,7.058994333199e-02,9.360353362822e-02,8.171408326289e-02,9.912464164510e-02
X3-LR8-800/1600-e3m30,8,800/1600,3,7.439984698393e-03,2.016912978746e-02,3.493864828927e-02,5.362406270144e-02,7.371138445653e-02,9.145955531174e-02,1.054939830672e-01,1.131632516880e-01
Legendre-only,cbt,20.0,U,9.205688476562e-02,2.638718261719e-01,4.360324707031e-01,5.998317871094e-01,7.465627441406e-01,8.675183105469e-01,9.539914550781e-01,9.972751464844e-01
Legendre-only,cbt,20.0,tau_us,0.000000000000e+00,0.000000000000e+00,0.000000000000e+00,0.000000000000e+00,0.000000000000e+00,0.000000000000e+00,0.000000000000e+00,0.000000000000e+00
CBT-arc20,cbt,20.0,U,9.205688476562e-02,2.638718261719e-01,4.360324707031e-01,5.998317871094e-01,7.465627441406e-01,8.675183105469e-01,9.539914550781e-01,9.972751464844e-01
CBT-arc20,cbt,20.0,tau_us,9.854800030403e+01,7.389637369298e+01,5.283235373365e+01,3.532510417125e+01,2.134926412409e+01,1.088476116460e+01,3.916665464440e+00,4.350824993565e-01
CBT-arc20-int,cbt,20.0,U,9.205688476562e-02,2.638718261719e-01,4.360324707031e-01,5.998317871094e-01,7.465627441406e-01,8.675183105469e-01,9.539914550781e-01,9.972751464844e-01
CBT-arc20-int,cbt,20.0,tau_us,1.041666666667e+02,8.333333333333e+01,6.250000000000e+01,4.166666666667e+01,2.083333333333e+01,2.083333333333e+01,0.000000000000e+00,0.000000000000e+00
CBT-arc30,cbt,30.0,U,9.205688476562e-02,2.638718261719e-01,4.360324707031e-01,5.998317871094e-01,7.465627441406e-01,8.675183105469e-01,9.539914550781e-01,9.972751464844e-01
CBT-arc30,cbt,30.0,tau_us,1.481172400010e+02,1.108292819019e+02,7.909506728605e+01,5.280676872964e+01,3.187716978065e+01,1.623816098072e+01,5.839602083803e+00,6.485048661000e-01
CBT-arc30-int,cbt,30.0,U,9.205688476562e-02,2.638718261719e-01,4.360324707031e-01,5.998317871094e-01,7.465627441406e-01,8.675183105469e-01,9.539914550781e-01,9.972751464844e-01
CBT-arc30-int,cbt,30.0,tau_us,1.458333333333e+02,1.041666666667e+02,8.333333333333e+01,6.250000000000e+01,4.166666666667e+01,2.083333333333e+01,0.000000000000e+00,0.000000000000e+00
CBT-arc45,cbt,45.0,U,9.205688476562e-02,2.638718261719e-01,4.360324707031e-01,5.998317871094e-01,7.465627441406e-01,8.675183105469e-01,9.539914550781e-01,9.972751464844e-01
CBT-arc45,cbt,45.0,tau_us,2.231581985212e+02,1.661552171455e+02,1.180951087442e+02,7.858396718263e+01,4.731515199537e+01,2.405633243630e+01,8.640340162320e+00,9.589376706836e-01
CBT-arc45-int,cbt,45.0,U,9.205688476562e-02,2.638718261719e-01,4.360324707031e-01,5.998317871094e-01,7.465627441406e-01,8.675183105469e-01,9.539914550781e-01,9.972751464844e-01
CBT-arc45-int,cbt,45.0,tau_us,2.291666666667e+02,1.666666666667e+02,1.250000000000e+02,8.333333333333e+01,4.166666666667e+01,2.083333333333e+01,0.000000000000e+00,0.000000000000e+00
CBT-arc60,cbt,60.0,U,9.205688476562e-02,2.638718261719e-01,4.360324707031e-01,5.998317871094e-01,7.465627441406e-01,8.675183105469e-01,9.539914550781e-01,9.972751464844e-01
CBT-arc60,cbt,60.0,tau_us,2.993260309602e+02,2.212520890766e+02,1.563444429376e+02,1.035615472212e+02,6.213637090443e+01,3.151185244796e+01,1.129948188318e+01,1.253039228655e+00
CBT-arc60-int,cbt,60.0,U,9.205688476562e-02,2.638718261719e-01,4.360324707031e-01,5.998317871094e-01,7.465627441406e-01,8.675183105469e-01,9.539914550781e-01,9.972751464844e-01
CBT-arc60-int,cbt,60.0,tau_us,2.916666666667e+02,2.291666666667e+02,1.666666666667e+02,1.041666666667e+02,6.250000000000e+01,4.166666666667e+01,2.083333333333e+01,0.000000000000e+00
