design,metric,freq_hz,value
D20q,R90_band,1000,22.728
D20q,R90_band,1250,22.248
D20q,R90_band,1600,23.138
D20q,R90_band,2000,23.244
D20q,R90_band,2500,24.066
D20q,R90_band,3150,22.727
D20q,R90_band,4000,23.021
D20q,R90_band,5000,22.858
D20q,BW_500_deg,500,60.703
D20q,BW_1k_deg,1000,29.269
D20q,JYT_worst_grade,0,2
D20q,onaxis_fulldrive_vs_D20_dB,0,-0.000
D20q,JYT_500_30_single,500,5.857
D20q,JYT_500_30_inband_min,500,4.524
D20q,JYT_500_90_single,500,23.098
D20q,JYT_500_90_inband_min,500,20.042
D20q,JYT_1000_30_single,1000,23.098
D20q,JYT_1000_30_inband_min,1000,20.042
D20q,JYT_1000_90_single,1000,22.404
D20q,JYT_1000_90_inband_min,1000,20.003
D20q,JYT_2000_30_single,2000,22.404
D20q,JYT_2000_30_inband_min,2000,20.003
D20q,JYT_2000_90_single,2000,23.010
D20q,JYT_2000_90_inband_min,2000,20.011
D20q,JYT_4000_30_single,4000,23.010
D20q,JYT_4000_30_inband_min,4000,20.011
D20q,JYT_4000_90_single,4000,26.029
D20q,JYT_4000_90_inband_min,4000,20.002
D35q,R90_band,1000,36.943
D35q,R90_band,1250,38.506
D35q,R90_band,1600,38.062
D35q,R90_band,2000,37.804
D35q,R90_band,2500,39.027
D35q,R90_band,3150,37.810
D35q,R90_band,4000,37.779
D35q,R90_band,5000,37.816
D35q,BW_500_deg,500,79.663
D35q,BW_1k_deg,1000,37.358
D35q,JYT_worst_grade,0,2
D35q,onaxis_fulldrive_vs_D20_dB,0,-2.475
D35q,JYT_500_30_single,500,3.542
D35q,JYT_500_30_inband_min,500,2.784
D35q,JYT_500_90_single,500,17.107
D35q,JYT_500_90_inband_min,500,12.729
D35q,JYT_1000_30_single,1000,17.107
D35q,JYT_1000_30_inband_min,1000,12.729
D35q,JYT_1000_90_single,1000,35.220
D35q,JYT_1000_90_inband_min,1000,34.999
D35q,JYT_2000_30_single,2000,35.220
D35q,JYT_2000_30_inband_min,2000,34.999
D35q,JYT_2000_90_single,2000,41.431
D35q,JYT_2000_90_inband_min,2000,35.009
D35q,JYT_4000_30_single,4000,41.431
D35q,JYT_4000_30_inband_min,4000,35.009
D35q,JYT_4000_90_single,4000,38.432
D35q,JYT_4000_90_inband_min,4000,34.998
X3-LR4-700/1600-e0.1m35,R90_band,1000,44.873
X3-LR4-700/1600-e0.1m35,R90_band,1250,47.048
X3-LR4-700/1600-e0.1m35,R90_band,1600,47.805
X3-LR4-700/1600-e0.1m35,R90_band,2000,51.437
X3-LR4-700/1600-e0.1m35,R90_band,2500,48.788
X3-LR4-700/1600-e0.1m35,R90_band,3150,48.767
X3-LR4-700/1600-e0.1m35,R90_band,4000,44.422
X3-LR4-700/1600-e0.1m35,R90_band,5000,21.091
X3-LR4-700/1600-e0.1m35,BW_500_deg,500,64.299
X3-LR4-700/1600-e0.1m35,BW_1k_deg,1000,36.093
X3-LR4-700/1600-e0.1m35,JYT_worst_grade,0,1
X3-LR4-700/1600-e0.1m35,onaxis_fulldrive_vs_D20_dB,0,-2.164
X3-LR4-700/1600-e0.1m35,JYT_500_30_single,500,5.224
X3-LR4-700/1600-e0.1m35,JYT_500_30_inband_min,500,4.205
X3-LR4-700/1600-e0.1m35,JYT_500_90_single,500,36.834
X3-LR4-700/1600-e0.1m35,JYT_500_90_inband_min,500,28.056
X3-LR4-700/1600-e0.1m35,JYT_1000_30_single,1000,18.690
X3-LR4-700/1600-e0.1m35,JYT_1000_30_inband_min,1000,14.290
X3-LR4-700/1600-e0.1m35,JYT_1000_90_single,1000,50.805
X3-LR4-700/1600-e0.1m35,JYT_1000_90_inband_min,1000,39.761
X3-LR4-700/1600-e0.1m35,JYT_2000_30_single,2000,32.199
X3-LR4-700/1600-e0.1m35,JYT_2000_30_inband_min,2000,25.469
X3-LR4-700/1600-e0.1m35,JYT_2000_90_single,2000,49.712
X3-LR4-700/1600-e0.1m35,JYT_2000_90_inband_min,2000,47.893
X3-LR4-700/1600-e0.1m35,JYT_4000_30_single,4000,39.904
X3-LR4-700/1600-e0.1m35,JYT_4000_30_inband_min,4000,39.287
X3-LR4-700/1600-e0.1m35,JYT_4000_90_single,4000,45.536
X3-LR4-700/1600-e0.1m35,JYT_4000_90_inband_min,4000,38.817
LPX3-a,R90_band,1000,44.871
LPX3-a,R90_band,1250,47.049
LPX3-a,R90_band,1600,47.803
LPX3-a,R90_band,2000,51.438
LPX3-a,R90_band,2500,48.790
LPX3-a,R90_band,3150,48.764
LPX3-a,R90_band,4000,44.422
LPX3-a,R90_band,5000,21.090
LPX3-a,BW_500_deg,500,64.302
LPX3-a,BW_1k_deg,1000,36.093
LPX3-a,JYT_worst_grade,0,1
LPX3-a,onaxis_fulldrive_vs_D20_dB,0,-2.164
LPX3-a,JYT_500_30_single,500,5.223
LPX3-a,JYT_500_30_inband_min,500,4.205
LPX3-a,JYT_500_90_single,500,36.859
LPX3-a,JYT_500_90_inband_min,500,28.049
LPX3-a,JYT_1000_30_single,1000,18.691
LPX3-a,JYT_1000_30_inband_min,1000,14.289
LPX3-a,JYT_1000_90_single,1000,50.792
LPX3-a,JYT_1000_90_inband_min,1000,39.761
LPX3-a,JYT_2000_30_single,2000,32.196
LPX3-a,JYT_2000_30_inband_min,2000,25.468
LPX3-a,JYT_2000_90_single,2000,49.713
LPX3-a,JYT_2000_90_inband_min,2000,47.888
LPX3-a,JYT_4000_30_single,4000,39.903
LPX3-a,JYT_4000_30_inband_min,4000,39.287
LPX3-a,JYT_4000_90_single,4000,45.534
LPX3-a,JYT_4000_90_inband_min,4000,38.815
LPX3-b,R90_band,1000,45.005
LPX3-b,R90_band,1250,47.230
LPX3-b,R90_band,1600,47.600
LPX3-b,R90_band,2000,51.092
LPX3-b,R90_band,2500,48.992
LPX3-b,R90_band,3150,48.495
LPX3-b,R90_band,4000,44.452
LPX3-b,R90_band,5000,21.012
LPX3-b,BW_500_deg,500,64.403
LPX3-b,BW_1k_deg,1000,36.189
LPX3-b,JYT_worst_grade,0,1
LPX3-b,onaxis_fulldrive_vs_D20_dB,0,-2.194
LPX3-b,JYT_500_30_single,500,5.207
LPX3-b,JYT_500_30_inband_min,500,4.180
LPX3-b,JYT_500_90_single,500,37.940
LPX3-b,JYT_500_90_inband_min,500,27.325
LPX3-b,JYT_1000_30_single,1000,18.539
LPX3-b,JYT_1000_30_inband_min,1000,14.282
LPX3-b,JYT_1000_90_single,1000,51.313
LPX3-b,JYT_1000_90_inband_min,1000,39.540
LPX3-b,JYT_2000_30_single,2000,32.208
LPX3-b,JYT_2000_30_inband_min,2000,25.438
LPX3-b,JYT_2000_90_single,2000,49.702
LPX3-b,JYT_2000_90_inband_min,2000,47.355
LPX3-b,JYT_4000_30_single,4000,39.741
LPX3-b,JYT_4000_30_inband_min,4000,39.178
LPX3-b,JYT_4000_90_single,4000,46.084
LPX3-b,JYT_4000_90_inband_min,4000,38.952
LPX4-a,R90_band,1000,43.639
LPX4-a,R90_band,1250,46.330
LPX4-a,R90_band,1600,48.822
LPX4-a,R90_band,2000,51.388
LPX4-a,R90_band,2500,52.055
LPX4-a,R90_band,3150,52.770
LPX4-a,R90_band,4000,46.964
LPX4-a,R90_band,5000,38.058
LPX4-a,BW_500_deg,500,64.163
LPX4-a,BW_1k_deg,1000,35.587
LPX4-a,JYT_worst_grade,0,1
LPX4-a,onaxis_fulldrive_vs_D20_dB,0,-4.477
LPX4-a,JYT_500_30_single,500,5.246
LPX4-a,JYT_500_30_inband_min,500,4.216
LPX4-a,JYT_500_90_single,500,36.312
LPX4-a,JYT_500_90_inband_min,500,28.258
LPX4-a,JYT_1000_30_single,1000,19.473
LPX4-a,JYT_1000_30_inband_min,1000,14.671
LPX4-a,JYT_1000_90_single,1000,52.193
LPX4-a,JYT_1000_90_inband_min,1000,38.349
LPX4-a,JYT_2000_30_single,2000,32.513
LPX4-a,JYT_2000_30_inband_min,2000,25.661
LPX4-a,JYT_2000_90_single,2000,49.282
LPX4-a,JYT_2000_90_inband_min,2000,49.255
LPX4-a,JYT_4000_30_single,4000,44.317
LPX4-a,JYT_4000_30_inband_min,4000,37.197
LPX4-a,JYT_4000_90_single,4000,44.626
LPX4-a,JYT_4000_90_inband_min,4000,42.120
LPX4-b,R90_band,1000,43.694
LPX4-b,R90_band,1250,46.659
LPX4-b,R90_band,1600,48.197
LPX4-b,R90_band,2000,51.245
LPX4-b,R90_band,2500,52.138
LPX4-b,R90_band,3150,52.325
LPX4-b,R90_band,4000,47.160
LPX4-b,R90_band,5000,37.997
LPX4-b,BW_500_deg,500,64.287
LPX4-b,BW_1k_deg,1000,35.666
LPX4-b,JYT_worst_grade,0,1
LPX4-b,onaxis_fulldrive_vs_D20_dB,0,-4.481
LPX4-b,JYT_500_30_single,500,5.226
LPX4-b,JYT_500_30_inband_min,500,4.189
LPX4-b,JYT_500_90_single,500,37.690
LPX4-b,JYT_500_90_inband_min,500,27.401
LPX4-b,JYT_1000_30_single,1000,19.333
LPX4-b,JYT_1000_30_inband_min,1000,14.674
LPX4-b,JYT_1000_90_single,1000,52.687
LPX4-b,JYT_1000_90_inband_min,1000,38.099
LPX4-b,JYT_2000_30_single,2000,32.699
LPX4-b,JYT_2000_30_inband_min,2000,25.662
LPX4-b,JYT_2000_90_single,2000,50.331
LPX4-b,JYT_2000_90_inband_min,2000,49.990
LPX4-b,JYT_4000_30_single,4000,44.640
LPX4-b,JYT_4000_30_inband_min,4000,37.190
LPX4-b,JYT_4000_90_single,4000,45.028
LPX4-b,JYT_4000_90_inband_min,4000,42.107
LPX4-a-cap,R90_band,1000,43.693
LPX4-a-cap,R90_band,1250,46.240
LPX4-a-cap,R90_band,1600,48.342
LPX4-a-cap,R90_band,2000,52.975
LPX4-a-cap,R90_band,2500,58.755
LPX4-a-cap,R90_band,3150,57.704
LPX4-a-cap,R90_band,4000,46.024
LPX4-a-cap,R90_band,5000,35.975
LPX4-a-cap,BW_500_deg,500,63.955
LPX4-a-cap,BW_1k_deg,1000,35.639
LPX4-a-cap,JYT_worst_grade,0,1
LPX4-a-cap,onaxis_fulldrive_vs_D20_dB,0,-2.814
LPX4-a-cap,JYT_500_30_single,500,5.278
LPX4-a-cap,JYT_500_30_inband_min,500,4.233
LPX4-a-cap,JYT_500_90_single,500,33.996
LPX4-a-cap,JYT_500_90_inband_min,500,27.263
LPX4-a-cap,JYT_1000_30_single,1000,19.511
LPX4-a-cap,JYT_1000_30_inband_min,1000,14.933
LPX4-a-cap,JYT_1000_90_single,1000,48.332
LPX4-a-cap,JYT_1000_90_inband_min,1000,39.011
LPX4-a-cap,JYT_2000_30_single,2000,35.594
LPX4-a-cap,JYT_2000_30_inband_min,2000,27.812
LPX4-a-cap,JYT_2000_90_single,2000,51.374
LPX4-a-cap,JYT_2000_90_inband_min,2000,50.039
LPX4-a-cap,JYT_4000_30_single,4000,48.984
LPX4-a-cap,JYT_4000_30_inband_min,4000,38.713
LPX4-a-cap,JYT_4000_90_single,4000,44.679
LPX4-a-cap,JYT_4000_90_inband_min,4000,40.634
LPX4-b-cap,R90_band,1000,43.737
LPX4-b-cap,R90_band,1250,46.459
LPX4-b-cap,R90_band,1600,47.794
LPX4-b-cap,R90_band,2000,52.913
LPX4-b-cap,R90_band,2500,58.797
LPX4-b-cap,R90_band,3150,57.458
LPX4-b-cap,R90_band,4000,46.174
LPX4-b-cap,R90_band,5000,36.069
LPX4-b-cap,BW_500_deg,500,64.045
LPX4-b-cap,BW_1k_deg,1000,35.717
LPX4-b-cap,JYT_worst_grade,0,1
LPX4-b-cap,onaxis_fulldrive_vs_D20_dB,0,-2.867
LPX4-b-cap,JYT_500_30_single,500,5.264
LPX4-b-cap,JYT_500_30_inband_min,500,4.211
LPX4-b-cap,JYT_500_90_single,500,34.731
LPX4-b-cap,JYT_500_90_inband_min,500,27.233
LPX4-b-cap,JYT_1000_30_single,1000,19.370
LPX4-b-cap,JYT_1000_30_inband_min,1000,14.922
LPX4-b-cap,JYT_1000_90_single,1000,48.752
LPX4-b-cap,JYT_1000_90_inband_min,1000,38.706
LPX4-b-cap,JYT_2000_30_single,2000,35.803
LPX4-b-cap,JYT_2000_30_inband_min,2000,27.775
LPX4-b-cap,JYT_2000_90_single,2000,52.602
LPX4-b-cap,JYT_2000_90_inband_min,2000,50.072
LPX4-b-cap,JYT_4000_30_single,4000,49.366
LPX4-b-cap,JYT_4000_30_inband_min,4000,38.689
LPX4-b-cap,JYT_4000_90_single,4000,44.949
LPX4-b-cap,JYT_4000_90_inband_min,4000,40.612
FIR V1-128 (taps),R90_band,1000,44.517
FIR V1-128 (taps),R90_band,1250,44.028
FIR V1-128 (taps),R90_band,1600,43.076
FIR V1-128 (taps),R90_band,2000,43.441
FIR V1-128 (taps),R90_band,2500,43.307
FIR V1-128 (taps),R90_band,3150,48.242
FIR V1-128 (taps),R90_band,4000,44.887
FIR V1-128 (taps),R90_band,5000,35.896
FIR V1-128 (taps),BW_500_deg,500,61.444
FIR V1-128 (taps),BW_1k_deg,1000,32.363
FIR V1-128 (taps),JYT_worst_grade,0,1
FIR V1-128 (taps),onaxis_fulldrive_vs_D20_dB,0,-1.771
FIR V1-128 (taps),JYT_500_30_single,500,5.716
FIR V1-128 (taps),JYT_500_30_inband_min,500,4.659
FIR V1-128 (taps),JYT_500_90_single,500,27.575
FIR V1-128 (taps),JYT_500_90_inband_min,500,27.016
FIR V1-128 (taps),JYT_1000_30_single,1000,42.290
FIR V1-128 (taps),JYT_1000_30_inband_min,1000,17.438
FIR V1-128 (taps),JYT_1000_90_single,1000,43.883
FIR V1-128 (taps),JYT_1000_90_inband_min,1000,42.148
FIR V1-128 (taps),JYT_2000_30_single,2000,27.375
FIR V1-128 (taps),JYT_2000_30_inband_min,2000,27.375
FIR V1-128 (taps),JYT_2000_90_single,2000,48.454
FIR V1-128 (taps),JYT_2000_90_inband_min,2000,39.602
FIR V1-128 (taps),JYT_4000_30_single,4000,35.129
FIR V1-128 (taps),JYT_4000_30_inband_min,4000,30.274
FIR V1-128 (taps),JYT_4000_90_single,4000,49.763
FIR V1-128 (taps),JYT_4000_90_inband_min,4000,39.527
