design,signal,c0,c1,c2,c3,c4,c5,c6,c7
X3-LR4-700/1600-e0.1m35,square 100 Hz,-0.7620,3.5902,4.1194,3.7982,3.1025,2.6366,2.1612,2.0421
X3-LR4-700/1600-e0.1m35,square 1000 Hz,-2.1278,5.5449,7.3814,6.9244,6.4235,5.7592,5.2651,4.8188
X3-LR4-700/1600-e0.1m35,square 3000 Hz,-6.6877,5.1617,6.6298,6.0457,4.9690,4.0448,3.1825,2.4504
X3-LR4-700/1600-e0.1m35,pink noise,-4.4315,-2.0423,-1.2881,-1.5335,-1.8868,-2.2026,-2.4095,-2.5918
X3-LR4-700/1600-e0.1m35,L1 bound,3.5798,10.8393,12.6186,12.1774,11.7864,11.1558,10.7446,10.3606
X3-LR4-700/1600-e0.1m35,L1 abs vs FS,2.3385,4.8933,8.4899,9.4840,10.1965,10.3701,10.4847,10.3606
X3-LR4-700/1600-e0.1m35,onaxis_L1_level_vs_D20_dB,-12.6484,,,,,,,
LPX3-a,square 100 Hz,-1.8028,-0.5155,0.9265,0.3359,-0.7745,-1.2974,-0.9452,-0.7530
LPX3-a,square 1000 Hz,-5.4170,-0.2045,0.9902,0.3985,-0.5892,-0.5542,0.2891,0.7101
LPX3-a,square 3000 Hz,-10.6193,0.2543,1.3319,0.6789,-0.5684,-1.4569,-1.8387,-2.2139
LPX3-a,pink noise,-4.4251,-1.8186,-1.1436,-1.3636,-1.6783,-1.9799,-2.2257,-2.4317
LPX3-a,L1 bound,-1.4261,5.2425,3.9794,3.0867,0.6505,-0.2571,0.4903,0.8800
LPX3-a,L1 abs vs FS,-2.6674,-0.7036,-0.1494,0.3932,-0.9394,-1.0428,0.2304,0.8800
LPX3-a,onaxis_L1_level_vs_D20_dB,-3.0436,,,,,,,
LPX3-b,square 100 Hz,-1.8307,-0.5433,0.9161,0.3352,-0.7750,-1.3195,-0.9788,-0.7722
LPX3-b,square 1000 Hz,-5.4937,-0.2570,0.9768,0.3923,-0.6644,-0.5655,0.2554,0.6984
LPX3-b,square 3000 Hz,-10.6204,0.2251,1.3192,0.6771,-0.5774,-1.4835,-1.8896,-2.2676
LPX3-b,pink noise,-4.4295,-1.8191,-1.1649,-1.3797,-1.7082,-2.0171,-2.2768,-2.4894
LPX3-b,L1 bound,-1.5284,5.1120,3.9741,3.0601,0.6367,-0.3049,0.3990,0.8061
LPX3-b,L1 abs vs FS,-2.7697,-0.8340,-0.1546,0.3666,-0.9531,-1.0906,0.1391,0.8061
LPX3-b,onaxis_L1_level_vs_D20_dB,-3.0003,,,,,,,
LPX4-a,square 100 Hz,-4.1892,-3.7084,-2.3452,-2.9135,-3.2534,-2.1062,-1.2971,-0.8531
LPX4-a,square 1000 Hz,-6.9393,-5.8737,-2.4316,-2.9879,-3.2168,-1.9476,-1.1146,-0.6380
LPX4-a,square 3000 Hz,-12.3187,-0.7594,-0.5773,-1.3083,-2.4725,-2.0552,-1.2498,-0.7746
LPX4-a,pink noise,-6.7737,-5.7349,-4.7819,-4.4516,-4.1270,-3.8243,-3.6918,-3.5795
LPX4-a,L1 bound,-3.8858,1.7104,-0.1229,-0.8269,-2.1062,0.5193,2.5571,3.6176
LPX4-a,L1 abs vs FS,-5.1272,-4.2356,-4.2517,-3.5204,-3.6961,-0.2664,2.2972,3.6176
LPX4-a,onaxis_L1_level_vs_D20_dB,-8.0947,,,,,,,
LPX4-b,square 100 Hz,-4.1887,-3.7811,-2.3524,-2.8952,-3.2444,-2.1236,-1.3208,-0.8620
LPX4-b,square 1000 Hz,-6.9890,-5.9397,-2.4450,-2.9760,-3.2095,-1.9707,-1.1454,-0.6508
LPX4-b,square 3000 Hz,-12.3380,-0.8133,-0.5772,-1.2756,-2.4520,-2.0688,-1.2707,-0.7793
LPX4-b,pink noise,-6.7543,-5.7149,-4.7919,-4.4594,-4.1337,-3.8376,-3.7063,-3.5894
LPX4-b,L1 bound,-3.9428,1.5339,-0.1322,-0.8041,-2.0883,0.4490,2.4881,3.5972
LPX4-b,L1 abs vs FS,-5.1842,-4.4121,-4.2610,-3.4975,-3.6782,-0.3367,2.2281,3.5972
LPX4-b,onaxis_L1_level_vs_D20_dB,-8.0790,,,,,,,
LPX4-a-cap,square 100 Hz,-2.5103,-2.1774,-1.8992,-1.8048,-1.7373,-1.0790,-0.6386,-0.3937
LPX4-a-cap,square 1000 Hz,-5.4303,-5.2734,-1.9610,-1.8339,-1.6931,-0.8814,-0.4839,-0.2111
LPX4-a-cap,square 3000 Hz,-10.2580,-1.4357,-0.8494,-0.8848,-1.1277,-0.9571,-0.5595,-0.3230
LPX4-a-cap,pink noise,-4.9265,-3.9470,-2.9324,-2.6917,-2.4728,-2.2686,-2.1876,-2.1324
LPX4-a-cap,L1 bound,-2.1857,1.2720,-0.5382,-0.6233,-0.6956,0.6370,1.6556,2.3096
LPX4-a-cap,L1 abs vs FS,-3.4270,-4.6741,-4.6670,-3.3167,-2.2855,-0.1487,1.3956,2.3096
LPX4-a-cap,onaxis_L1_level_vs_D20_dB,-5.1237,,,,,,,
LPX4-b-cap,square 100 Hz,-2.5547,-2.2700,-1.9055,-1.8245,-1.7721,-1.1240,-0.6871,-0.4162
LPX4-b-cap,square 1000 Hz,-5.5162,-5.3693,-1.9697,-1.8601,-1.7296,-0.9192,-0.5393,-0.2352
LPX4-b-cap,square 3000 Hz,-10.3383,-1.4616,-0.8449,-0.8531,-1.1427,-0.9997,-0.6101,-0.3481
LPX4-b-cap,pink noise,-4.9514,-3.9768,-2.9852,-2.7517,-2.5279,-2.3287,-2.2512,-2.1920
LPX4-b-cap,L1 bound,-2.2949,1.1228,-0.5483,-0.5713,-0.7201,0.5695,1.5959,2.3388
LPX4-b-cap,L1 abs vs FS,-3.5362,-4.8232,-4.6771,-3.2647,-2.3100,-0.2162,1.3360,2.3388
LPX4-b-cap,onaxis_L1_level_vs_D20_dB,-5.2063,,,,,,,
FIR V1-128 (taps),square 100 Hz,-0.1765,0.0014,-0.4968,-1.3183,-0.7729,-0.7278,-0.6486,-0.6917
FIR V1-128 (taps),square 1000 Hz,-1.8948,-1.6176,-0.4922,0.4074,0.4429,0.0181,-0.2037,-0.0195
FIR V1-128 (taps),square 3000 Hz,-2.8571,-0.8372,-0.9097,-0.9052,-0.3037,-0.3769,-0.0000,0.0262
FIR V1-128 (taps),pink noise,-1.8893,-1.1666,-1.1724,-1.6046,-1.9500,-2.1074,-2.1146,-1.7197
FIR V1-128 (taps),L1 bound,6.2326,3.7700,3.2108,2.0711,1.5695,2.0522,2.5973,1.8810
FIR V1-128 (taps),L1 abs vs FS,4.9913,-2.1761,-0.9180,-0.6224,-0.0204,1.2665,2.3374,1.8810
FIR V1-128 (taps),onaxis_L1_level_vs_D20_dB,-6.7627,,,,,,,
