design,item,fc_hz,length,values...
LPX3-a,lowpass_1,700,255,4.933624476507170e-06,6.015699115949444e-06,7.195407132325041e-06,8.475616685806808e-06,9.858643023582338e-06,1.134638924244013e-05,1.293985208018787e-05,1.463938418016859e-05,1.644439429053188e-05,1.835317733731668e-05,2.036302737125037e-05,2.246977736689586e-05,2.466794887034735e-05,2.695042864398432e-05,2.930833699578815e-05,3.173097582966473e-05,3.420546744794008e-05,3.671680371167067e-05,3.924747522930907e-05,4.177743225771068e-05,4.428383724645533e-05,4.674088921255810e-05,4.911969406142592e-05,5.138801243239638e-05,5.351018332423695e-05,5.544687431351770e-05,5.715501014850009e-05,5.858757458465845e-05,5.969353409192997e-05,6.041770969133242e-05,6.070071318839325e-05,6.047889347113956e-05,5.968431321110655e-05,5.824477420507877e-05,5.608386323216602e-05,5.312106711785104e-05,4.927191445204039e-05,4.444819767181056e-05,3.855823606025148e-05,3.150722725144099e-05,2.319765701057308e-05,1.352980599885940e-05,2.402332787621966e-06,-1.028703614918959e-05,-2.464072260629355e-05,-4.076039434372258e-05,-5.874595212821551e-05,-7.869438586486430e-05,-1.006985042744132e-04,-1.248455210905329e-04,-1.512155003757384e-04,-1.798796465823265e-04,-2.108984412172703e-04,-2.443196143104578e-04,-2.801759526401085e-04,-3.184829358130835e-04,-3.592362029006254e-04,-4.024088442774914e-04,-4.479485226580323e-04,-4.957744224462935e-04,-5.457740331854360e-04,-5.977997718303584e-04,-6.516654519153635e-04,-7.071426112610121e-04,-7.639567091025362e-04,-8.217832126513213e-04,-8.802435873602591e-04,-9.389012208072400e-04,-9.972572985050355e-04,-1.054746673027243e-03,-1.110733749526209e-03,-1.164508442059456e-03,-1.215282229380064e-03,-1.262184379098914e-03,-1.304258375336349e-03,-1.340458634565795e-03,-1.369647552158790e-03,-1.390592981186743e-03,-1.401966194318272e-03,-1.402340447941885e-03,-1.390190208569210e-03,-1.363891178507224e-03,-1.321721190830310e-03,-1.261862128236626e-03,-1.182402946325711e-03,-1.081343972552383e-03,-9.566025720782577e-04,-8.060203667312037e-04,-6.273721086594710e-04,-4.183764072084905e-04,-1.767084199849490e-04,9.998528474383451e-05,4.140695758198259e-04,7.679011062678846e-04,1.163806036562106e-03,1.604054925754305e-03,2.090834666947203e-03,2.626217269064217e-03,3.212125366725091e-03,3.850294279845427e-03,4.542230517586756e-03,5.289166579089066e-03,6.092011967900900e-03,6.951300316376438e-03,7.867132570896045e-03,8.839116192999775e-03,9.866300375234970e-03,1.094710730260789e-02,1.207925952286141e-02,1.325970355122893e-02,1.448452985631488e-02,1.574888946835002e-02,1.704690746142430e-02,1.837159368904289e-02,1.971475115351855e-02,2.106688255039542e-02,2.241709552361821e-02,2.375300735876401e-02,2.506064983392845e-02,2.632437516501882e-02,2.752676398091644e-02,2.864853649333434e-02,2.966846805284325e-02,3.056331048509870e-02,3.130772072818647e-02,3.187419831361454e-02,3.223303380132735e-02,3.235668787439825e-02,3.223303380132735e-02,3.187419831361454e-02,3.130772072818647e-02,3.056331048509870e-02,2.966846805284325e-02,2.864853649333434e-02,2.752676398091644e-02,2.632437516501882e-02,2.506064983392845e-02,2.375300735876401e-02,2.241709552361821e-02,2.106688255039542e-02,1.971475115351855e-02,1.837159368904289e-02,1.704690746142430e-02,1.574888946835002e-02,1.448452985631488e-02,1.325970355122893e-02,1.207925952286141e-02,1.094710730260789e-02,9.866300375234970e-03,8.839116192999775e-03,7.867132570896045e-03,6.951300316376438e-03,6.092011967900900e-03,5.289166579089066e-03,4.542230517586756e-03,3.850294279845427e-03,3.212125366725091e-03,2.626217269064217e-03,2.090834666947203e-03,1.604054925754305e-03,1.163806036562106e-03,7.679011062678846e-04,4.140695758198259e-04,9.998528474383451e-05,-1.767084199849490e-04,-4.183764072084905e-04,-6.273721086594710e-04,-8.060203667312037e-04,-9.566025720782577e-04,-1.081343972552383e-03,-1.182402946325711e-03,-1.261862128236626e-03,-1.321721190830310e-03,-1.363891178507224e-03,-1.390190208569210e-03,-1.402340447941885e-03,-1.401966194318272e-03,-1.390592981186743e-03,-1.369647552158790e-03,-1.340458634565795e-03,-1.304258375336349e-03,-1.262184379098914e-03,-1.215282229380064e-03,-1.164508442059456e-03,-1.110733749526209e-03,-1.054746673027243e-03,-9.972572985050355e-04,-9.389012208072400e-04,-8.802435873602591e-04,-8.217832126513213e-04,-7.639567091025362e-04,-7.071426112610121e-04,-6.516654519153635e-04,-5.977997718303584e-04,-5.457740331854360e-04,-4.957744224462935e-04,-4.479485226580323e-04,-4.024088442774914e-04,-3.592362029006254e-04,-3.184829358130835e-04,-2.801759526401085e-04,-2.443196143104578e-04,-2.108984412172703e-04,-1.798796465823265e-04,-1.512155003757384e-04,-1.248455210905329e-04,-1.006985042744132e-04,-7.869438586486430e-05,-5.874595212821551e-05,-4.076039434372258e-05,-2.464072260629355e-05,-1.028703614918959e-05,2.402332787621966e-06,1.352980599885940e-05,2.319765701057308e-05,3.150722725144099e-05,3.855823606025148e-05,4.444819767181056e-05,4.927191445204039e-05,5.312106711785104e-05,5.608386323216602e-05,5.824477420507877e-05,5.968431321110655e-05,6.047889347113956e-05,6.070071318839325e-05,6.041770969133242e-05,5.969353409192997e-05,5.858757458465845e-05,5.715501014850009e-05,5.544687431351770e-05,5.351018332423695e-05,5.138801243239638e-05,4.911969406142592e-05,4.674088921255810e-05,4.428383724645533e-05,4.177743225771068e-05,3.924747522930907e-05,3.671680371167067e-05,3.420546744794008e-05,3.173097582966473e-05,2.930833699578815e-05,2.695042864398432e-05,2.466794887034735e-05,2.246977736689586e-05,2.036302737125037e-05,1.835317733731668e-05,1.644439429053188e-05,1.463938418016859e-05,1.293985208018787e-05,1.134638924244013e-05,9.858643023582338e-06,8.475616685806808e-06,7.195407132325041e-06,6.015699115949444e-06,4.933624476507170e-06
LPX3-a,lowpass_2,1600,127,-6.313950211713086e-06,-6.058543163360392e-06,-5.405400243142230e-06,-4.250842816095528e-06,-2.481069237682227e-06,2.541071595283502e-08,3.394318565892887e-06,7.750497216911074e-06,1.321136092526775e-05,1.987815441859036e-05,2.782537326912600e-05,3.708752184837467e-05,4.764377249681427e-05,5.939971252998487e-05,7.216705652502827e-05,8.564064512402367e-05,9.937405711274780e-05,1.127534572717261e-04,1.249716216194459e-04,1.350022655536379e-04,1.415774133531071e-04,1.431686537842592e-04,1.379759861246448e-04,1.239260114990159e-04,9.868424457228494e-05,5.968431135412336e-05,4.179841219380668e-06,-7.067725449288116e-05,-1.677255655651875e-04,-2.896458040955158e-04,-4.387686485310348e-04,-6.168349153091408e-04,-8.247026096831136e-04,-1.061998777777647e-03,-1.326713817918583e-03,-1.614740256921575e-03,-1.919359524568345e-03,-2.230685941316307e-03,-2.535080945830493e-03,-2.814557914836487e-03,-3.046204398146639e-03,-3.201657694765187e-03,-3.246678916113421e-03,-3.140881325656273e-03,-2.837680288221990e-03,-2.284543477684818e-03,-1.423632617450227e-03,-1.929381956117562e-04,1.471980103154250e-03,3.635528611187818e-03,6.358765854423229e-03,9.695118134312362e-03,1.368500791091244e-02,1.834929708778126e-02,2.368147091428493e-02,2.963853075715659e-02,3.613061563053610e-02,4.300944799483186e-02,5.005578938997771e-02,5.696620863542620e-02,6.333960449298473e-02,6.866408625443648e-02,7.230501801497788e-02,7.361724747309255e-02,7.230501801497788e-02,6.866408625443648e-02,6.333960449298473e-02,5.696620863542620e-02,5.005578938997771e-02,4.300944799483186e-02,3.613061563053610e-02,2.963853075715659e-02,2.368147091428493e-02,1.834929708778126e-02,1.368500791091244e-02,9.695118134312362e-03,6.358765854423229e-03,3.635528611187818e-03,1.471980103154250e-03,-1.929381956117562e-04,-1.423632617450227e-03,-2.284543477684818e-03,-2.837680288221990e-03,-3.140881325656273e-03,-3.246678916113421e-03,-3.201657694765187e-03,-3.046204398146639e-03,-2.814557914836487e-03,-2.535080945830493e-03,-2.230685941316307e-03,-1.919359524568345e-03,-1.614740256921575e-03,-1.326713817918583e-03,-1.061998777777647e-03,-8.247026096831136e-04,-6.168349153091408e-04,-4.387686485310348e-04,-2.896458040955158e-04,-1.677255655651875e-04,-7.067725449288116e-05,4.179841219380668e-06,5.968431135412336e-05,9.868424457228494e-05,1.239260114990159e-04,1.379759861246448e-04,1.431686537842592e-04,1.415774133531071e-04,1.350022655536379e-04,1.249716216194459e-04,1.127534572717261e-04,9.937405711274780e-05,8.564064512402367e-05,7.216705652502827e-05,5.939971252998487e-05,4.764377249681427e-05,3.708752184837467e-05,2.782537326912600e-05,1.987815441859036e-05,1.321136092526775e-05,7.750497216911074e-06,3.394318565892887e-06,2.541071595283502e-08,-2.481069237682227e-06,-4.250842816095528e-06,-5.405400243142230e-06,-6.058543163360392e-06,-6.313950211713086e-06
LPX3-a,band_gain_1,,8,6.726956540444536e-02,3.913654453988921e-02,4.824419439202577e-02,5.691326953026388e-02,6.462352923969672e-02,7.089250795933877e-02,7.531625750236043e-02,7.760413143197985e-02
LPX3-a,band_gain_2,,8,2.442467747110378e-02,1.558510969239107e-04,4.113002047416429e-02,4.839530251301294e-02,8.090624730140891e-02,8.834258768147127e-02,1.040292296575089e-01,1.126160838044060e-01
LPX3-a,band_gain_3,,8,1.696741779517250e-02,4.969982069341781e-02,7.081235264046064e-02,7.777834161827511e-02,7.599607446266574e-02,7.418913624920137e-02,6.981246880298833e-02,6.474438773781853e-02
LPX3-b,lowpass_1,700,127,-7.639567091025362e-04,-8.217832126513213e-04,-8.802435873602592e-04,-9.389012208072400e-04,-9.972572985050355e-04,-1.054746673027243e-03,-1.110733749526209e-03,-1.164508442059456e-03,-1.215282229380064e-03,-1.262184379098914e-03,-1.304258375336349e-03,-1.340458634565795e-03,-1.369647552158790e-03,-1.390592981186743e-03,-1.401966194318272e-03,-1.402340447941885e-03,-1.390190208569210e-03,-1.363891178507224e-03,-1.321721190830310e-03,-1.261862128236626e-03,-1.182402946325711e-03,-1.081343972552383e-03,-9.566025720782577e-04,-8.060203667312038e-04,-6.273721086594712e-04,-4.183764072084905e-04,-1.767084199849491e-04,9.998528474383448e-05,4.140695758198259e-04,7.679011062678847e-04,1.163806036562106e-03,1.604054925754305e-03,2.090834666947203e-03,2.626217269064217e-03,3.212125366725091e-03,3.850294279845427e-03,4.542230517586756e-03,5.289166579089066e-03,6.092011967900900e-03,6.951300316376438e-03,7.867132570896045e-03,8.839116192999775e-03,9.866300375234970e-03,1.094710730260789e-02,1.207925952286141e-02,1.325970355122893e-02,1.448452985631488e-02,1.574888946835002e-02,1.704690746142430e-02,1.837159368904289e-02,1.971475115351855e-02,2.106688255039542e-02,2.241709552361821e-02,2.375300735876401e-02,2.506064983392845e-02,2.632437516501882e-02,2.752676398091644e-02,2.864853649333434e-02,2.966846805284325e-02,3.056331048509870e-02,3.130772072818647e-02,3.187419831361454e-02,3.223303380132735e-02,3.235668787439825e-02,3.223303380132735e-02,3.187419831361454e-02,3.130772072818647e-02,3.056331048509870e-02,2.966846805284325e-02,2.864853649333434e-02,2.752676398091644e-02,2.632437516501882e-02,2.506064983392845e-02,2.375300735876401e-02,2.241709552361821e-02,2.106688255039542e-02,1.971475115351855e-02,1.837159368904289e-02,1.704690746142430e-02,1.574888946835002e-02,1.448452985631488e-02,1.325970355122893e-02,1.207925952286141e-02,1.094710730260789e-02,9.866300375234970e-03,8.839116192999775e-03,7.867132570896045e-03,6.951300316376438e-03,6.092011967900900e-03,5.289166579089066e-03,4.542230517586756e-03,3.850294279845427e-03,3.212125366725091e-03,2.626217269064217e-03,2.090834666947203e-03,1.604054925754305e-03,1.163806036562106e-03,7.679011062678847e-04,4.140695758198259e-04,9.998528474383448e-05,-1.767084199849491e-04,-4.183764072084905e-04,-6.273721086594712e-04,-8.060203667312038e-04,-9.566025720782577e-04,-1.081343972552383e-03,-1.182402946325711e-03,-1.261862128236626e-03,-1.321721190830310e-03,-1.363891178507224e-03,-1.390190208569210e-03,-1.402340447941885e-03,-1.401966194318272e-03,-1.390592981186743e-03,-1.369647552158790e-03,-1.340458634565795e-03,-1.304258375336349e-03,-1.262184379098914e-03,-1.215282229380064e-03,-1.164508442059456e-03,-1.110733749526209e-03,-1.054746673027243e-03,-9.972572985050355e-04,-9.389012208072400e-04,-8.802435873602592e-04,-8.217832126513213e-04,-7.639567091025362e-04
LPX3-b,lowpass_2,1600,63,-8.247026096831136e-04,-1.061998777777647e-03,-1.326713817918583e-03,-1.614740256921575e-03,-1.919359524568345e-03,-2.230685941316307e-03,-2.535080945830493e-03,-2.814557914836487e-03,-3.046204398146639e-03,-3.201657694765187e-03,-3.246678916113421e-03,-3.140881325656273e-03,-2.837680288221990e-03,-2.284543477684818e-03,-1.423632617450227e-03,-1.929381956117562e-04,1.471980103154250e-03,3.635528611187818e-03,6.358765854423229e-03,9.695118134312362e-03,1.368500791091244e-02,1.834929708778126e-02,2.368147091428493e-02,2.963853075715659e-02,3.613061563053610e-02,4.300944799483186e-02,5.005578938997771e-02,5.696620863542620e-02,6.333960449298473e-02,6.866408625443648e-02,7.230501801497788e-02,7.361724747309255e-02,7.230501801497788e-02,6.866408625443648e-02,6.333960449298473e-02,5.696620863542620e-02,5.005578938997771e-02,4.300944799483186e-02,3.613061563053610e-02,2.963853075715659e-02,2.368147091428493e-02,1.834929708778126e-02,1.368500791091244e-02,9.695118134312362e-03,6.358765854423229e-03,3.635528611187818e-03,1.471980103154250e-03,-1.929381956117562e-04,-1.423632617450227e-03,-2.284543477684818e-03,-2.837680288221990e-03,-3.140881325656273e-03,-3.246678916113421e-03,-3.201657694765187e-03,-3.046204398146639e-03,-2.814557914836487e-03,-2.535080945830493e-03,-2.230685941316307e-03,-1.919359524568345e-03,-1.614740256921575e-03,-1.326713817918583e-03,-1.061998777777647e-03,-8.247026096831136e-04
LPX3-b,band_gain_1,,8,6.726956540444536e-02,3.913654453988921e-02,4.824419439202577e-02,5.691326953026388e-02,6.462352923969672e-02,7.089250795933877e-02,7.531625750236043e-02,7.760413143197985e-02
LPX3-b,band_gain_2,,8,2.444687206985991e-02,3.525013163889456e-04,4.082466707959914e-02,4.864660032108831e-02,8.029256562033495e-02,8.853109211231235e-02,1.039812278534270e-01,1.129244736269894e-01
LPX3-b,band_gain_3,,8,1.691001719521341e-02,4.970722606624411e-02,7.099906924779396e-02,7.804932389527656e-02,7.630724882021635e-02,7.419668985833344e-02,6.953916219567953e-02,6.429126272124265e-02
LPX4-a,lowpass_1,700,255,4.933624476507170e-06,6.015699115949444e-06,7.195407132325041e-06,8.475616685806808e-06,9.858643023582338e-06,1.134638924244013e-05,1.293985208018787e-05,1.463938418016859e-05,1.644439429053188e-05,1.835317733731668e-05,2.036302737125037e-05,2.246977736689586e-05,2.466794887034735e-05,2.695042864398432e-05,2.930833699578815e-05,3.173097582966473e-05,3.420546744794008e-05,3.671680371167067e-05,3.924747522930907e-05,4.177743225771068e-05,4.428383724645533e-05,4.674088921255810e-05,4.911969406142592e-05,5.138801243239638e-05,5.351018332423695e-05,5.544687431351770e-05,5.715501014850009e-05,5.858757458465845e-05,5.969353409192997e-05,6.041770969133242e-05,6.070071318839325e-05,6.047889347113956e-05,5.968431321110655e-05,5.824477420507877e-05,5.608386323216602e-05,5.312106711785104e-05,4.927191445204039e-05,4.444819767181056e-05,3.855823606025148e-05,3.150722725144099e-05,2.319765701057308e-05,1.352980599885940e-05,2.402332787621966e-06,-1.028703614918959e-05,-2.464072260629355e-05,-4.076039434372258e-05,-5.874595212821551e-05,-7.869438586486430e-05,-1.006985042744132e-04,-1.248455210905329e-04,-1.512155003757384e-04,-1.798796465823265e-04,-2.108984412172703e-04,-2.443196143104578e-04,-2.801759526401085e-04,-3.184829358130835e-04,-3.592362029006254e-04,-4.024088442774914e-04,-4.479485226580323e-04,-4.957744224462935e-04,-5.457740331854360e-04,-5.977997718303584e-04,-6.516654519153635e-04,-7.071426112610121e-04,-7.639567091025362e-04,-8.217832126513213e-04,-8.802435873602591e-04,-9.389012208072400e-04,-9.972572985050355e-04,-1.054746673027243e-03,-1.110733749526209e-03,-1.164508442059456e-03,-1.215282229380064e-03,-1.262184379098914e-03,-1.304258375336349e-03,-1.340458634565795e-03,-1.369647552158790e-03,-1.390592981186743e-03,-1.401966194318272e-03,-1.402340447941885e-03,-1.390190208569210e-03,-1.363891178507224e-03,-1.321721190830310e-03,-1.261862128236626e-03,-1.182402946325711e-03,-1.081343972552383e-03,-9.566025720782577e-04,-8.060203667312037e-04,-6.273721086594710e-04,-4.183764072084905e-04,-1.767084199849490e-04,9.998528474383451e-05,4.140695758198259e-04,7.679011062678846e-04,1.163806036562106e-03,1.604054925754305e-03,2.090834666947203e-03,2.626217269064217e-03,3.212125366725091e-03,3.850294279845427e-03,4.542230517586756e-03,5.289166579089066e-03,6.092011967900900e-03,6.951300316376438e-03,7.867132570896045e-03,8.839116192999775e-03,9.866300375234970e-03,1.094710730260789e-02,1.207925952286141e-02,1.325970355122893e-02,1.448452985631488e-02,1.574888946835002e-02,1.704690746142430e-02,1.837159368904289e-02,1.971475115351855e-02,2.106688255039542e-02,2.241709552361821e-02,2.375300735876401e-02,2.506064983392845e-02,2.632437516501882e-02,2.752676398091644e-02,2.864853649333434e-02,2.966846805284325e-02,3.056331048509870e-02,3.130772072818647e-02,3.187419831361454e-02,3.223303380132735e-02,3.235668787439825e-02,3.223303380132735e-02,3.187419831361454e-02,3.130772072818647e-02,3.056331048509870e-02,2.966846805284325e-02,2.864853649333434e-02,2.752676398091644e-02,2.632437516501882e-02,2.506064983392845e-02,2.375300735876401e-02,2.241709552361821e-02,2.106688255039542e-02,1.971475115351855e-02,1.837159368904289e-02,1.704690746142430e-02,1.574888946835002e-02,1.448452985631488e-02,1.325970355122893e-02,1.207925952286141e-02,1.094710730260789e-02,9.866300375234970e-03,8.839116192999775e-03,7.867132570896045e-03,6.951300316376438e-03,6.092011967900900e-03,5.289166579089066e-03,4.542230517586756e-03,3.850294279845427e-03,3.212125366725091e-03,2.626217269064217e-03,2.090834666947203e-03,1.604054925754305e-03,1.163806036562106e-03,7.679011062678846e-04,4.140695758198259e-04,9.998528474383451e-05,-1.767084199849490e-04,-4.183764072084905e-04,-6.273721086594710e-04,-8.060203667312037e-04,-9.566025720782577e-04,-1.081343972552383e-03,-1.182402946325711e-03,-1.261862128236626e-03,-1.321721190830310e-03,-1.363891178507224e-03,-1.390190208569210e-03,-1.402340447941885e-03,-1.401966194318272e-03,-1.390592981186743e-03,-1.369647552158790e-03,-1.340458634565795e-03,-1.304258375336349e-03,-1.262184379098914e-03,-1.215282229380064e-03,-1.164508442059456e-03,-1.110733749526209e-03,-1.054746673027243e-03,-9.972572985050355e-04,-9.389012208072400e-04,-8.802435873602591e-04,-8.217832126513213e-04,-7.639567091025362e-04,-7.071426112610121e-04,-6.516654519153635e-04,-5.977997718303584e-04,-5.457740331854360e-04,-4.957744224462935e-04,-4.479485226580323e-04,-4.024088442774914e-04,-3.592362029006254e-04,-3.184829358130835e-04,-2.801759526401085e-04,-2.443196143104578e-04,-2.108984412172703e-04,-1.798796465823265e-04,-1.512155003757384e-04,-1.248455210905329e-04,-1.006985042744132e-04,-7.869438586486430e-05,-5.874595212821551e-05,-4.076039434372258e-05,-2.464072260629355e-05,-1.028703614918959e-05,2.402332787621966e-06,1.352980599885940e-05,2.319765701057308e-05,3.150722725144099e-05,3.855823606025148e-05,4.444819767181056e-05,4.927191445204039e-05,5.312106711785104e-05,5.608386323216602e-05,5.824477420507877e-05,5.968431321110655e-05,6.047889347113956e-05,6.070071318839325e-05,6.041770969133242e-05,5.969353409192997e-05,5.858757458465845e-05,5.715501014850009e-05,5.544687431351770e-05,5.351018332423695e-05,5.138801243239638e-05,4.911969406142592e-05,4.674088921255810e-05,4.428383724645533e-05,4.177743225771068e-05,3.924747522930907e-05,3.671680371167067e-05,3.420546744794008e-05,3.173097582966473e-05,2.930833699578815e-05,2.695042864398432e-05,2.466794887034735e-05,2.246977736689586e-05,2.036302737125037e-05,1.835317733731668e-05,1.644439429053188e-05,1.463938418016859e-05,1.293985208018787e-05,1.134638924244013e-05,9.858643023582338e-06,8.475616685806808e-06,7.195407132325041e-06,6.015699115949444e-06,4.933624476507170e-06
LPX4-a,lowpass_2,1600,127,-6.313950211713086e-06,-6.058543163360392e-06,-5.405400243142230e-06,-4.250842816095528e-06,-2.481069237682227e-06,2.541071595283502e-08,3.394318565892887e-06,7.750497216911074e-06,1.321136092526775e-05,1.987815441859036e-05,2.782537326912600e-05,3.708752184837467e-05,4.764377249681427e-05,5.939971252998487e-05,7.216705652502827e-05,8.564064512402367e-05,9.937405711274780e-05,1.127534572717261e-04,1.249716216194459e-04,1.350022655536379e-04,1.415774133531071e-04,1.431686537842592e-04,1.379759861246448e-04,1.239260114990159e-04,9.868424457228494e-05,5.968431135412336e-05,4.179841219380668e-06,-7.067725449288116e-05,-1.677255655651875e-04,-2.896458040955158e-04,-4.387686485310348e-04,-6.168349153091408e-04,-8.247026096831136e-04,-1.061998777777647e-03,-1.326713817918583e-03,-1.614740256921575e-03,-1.919359524568345e-03,-2.230685941316307e-03,-2.535080945830493e-03,-2.814557914836487e-03,-3.046204398146639e-03,-3.201657694765187e-03,-3.246678916113421e-03,-3.140881325656273e-03,-2.837680288221990e-03,-2.284543477684818e-03,-1.423632617450227e-03,-1.929381956117562e-04,1.471980103154250e-03,3.635528611187818e-03,6.358765854423229e-03,9.695118134312362e-03,1.368500791091244e-02,1.834929708778126e-02,2.368147091428493e-02,2.963853075715659e-02,3.613061563053610e-02,4.300944799483186e-02,5.005578938997771e-02,5.696620863542620e-02,6.333960449298473e-02,6.866408625443648e-02,7.230501801497788e-02,7.361724747309255e-02,7.230501801497788e-02,6.866408625443648e-02,6.333960449298473e-02,5.696620863542620e-02,5.005578938997771e-02,4.300944799483186e-02,3.613061563053610e-02,2.963853075715659e-02,2.368147091428493e-02,1.834929708778126e-02,1.368500791091244e-02,9.695118134312362e-03,6.358765854423229e-03,3.635528611187818e-03,1.471980103154250e-03,-1.929381956117562e-04,-1.423632617450227e-03,-2.284543477684818e-03,-2.837680288221990e-03,-3.140881325656273e-03,-3.246678916113421e-03,-3.201657694765187e-03,-3.046204398146639e-03,-2.814557914836487e-03,-2.535080945830493e-03,-2.230685941316307e-03,-1.919359524568345e-03,-1.614740256921575e-03,-1.326713817918583e-03,-1.061998777777647e-03,-8.247026096831136e-04,-6.168349153091408e-04,-4.387686485310348e-04,-2.896458040955158e-04,-1.677255655651875e-04,-7.067725449288116e-05,4.179841219380668e-06,5.968431135412336e-05,9.868424457228494e-05,1.239260114990159e-04,1.379759861246448e-04,1.431686537842592e-04,1.415774133531071e-04,1.350022655536379e-04,1.249716216194459e-04,1.127534572717261e-04,9.937405711274780e-05,8.564064512402367e-05,7.216705652502827e-05,5.939971252998487e-05,4.764377249681427e-05,3.708752184837467e-05,2.782537326912600e-05,1.987815441859036e-05,1.321136092526775e-05,7.750497216911074e-06,3.394318565892887e-06,2.541071595283502e-08,-2.481069237682227e-06,-4.250842816095528e-06,-5.405400243142230e-06,-6.058543163360392e-06,-6.313950211713086e-06
LPX4-a,lowpass_3,4470,63,8.315595315421973e-07,1.205701179924819e-06,1.404567581635190e-06,1.090229991024537e-06,-2.199047220315878e-07,-3.091526788542665e-06,-7.958059163884779e-06,-1.472477669394044e-05,-2.213612107016644e-05,-2.697562928649889e-05,-2.330622299495355e-05,-2.217495599284209e-06,4.711722516960260e-05,1.340003800181877e-04,2.591628065451078e-04,4.033905437112777e-04,5.124122299335091e-04,4.815931034801057e-04,1.484418334775787e-04,-6.928372611558215e-04,-2.234547768653157e-03,-4.533152862294597e-03,-7.304274158820544e-03,-9.640845705536815e-03,-9.709985956145042e-03,-4.566743791231804e-03,9.663474398410905e-03,3.686066125184423e-02,7.879768009206961e-02,1.314694474971260e-01,1.798718300213046e-01,2.002576605014715e-01,1.798718300213046e-01,1.314694474971260e-01,7.879768009206961e-02,3.686066125184423e-02,9.663474398410905e-03,-4.566743791231804e-03,-9.709985956145042e-03,-9.640845705536815e-03,-7.304274158820544e-03,-4.533152862294597e-03,-2.234547768653157e-03,-6.928372611558215e-04,1.484418334775787e-04,4.815931034801057e-04,5.124122299335091e-04,4.033905437112777e-04,2.591628065451078e-04,1.340003800181877e-04,4.711722516960260e-05,-2.217495599284209e-06,-2.330622299495355e-05,-2.697562928649889e-05,-2.213612107016644e-05,-1.472477669394044e-05,-7.958059163884779e-06,-3.091526788542665e-06,-2.199047220315878e-07,1.090229991024537e-06,1.404567581635190e-06,1.205701179924819e-06,8.315595315421973e-07
LPX4-a,band_gain_1,,8,6.726956540444536e-02,3.913654453988921e-02,4.824419439202577e-02,5.691326953026388e-02,6.462352923969672e-02,7.089250795933877e-02,7.531625750236043e-02,7.760413143197985e-02
LPX4-a,band_gain_2,,8,3.279869335824728e-02,-1.162075908524952e-02,4.738069961106848e-02,5.198759522347966e-02,7.028588408920342e-02,9.412591537093999e-02,1.030695514382209e-01,1.119724199940898e-01
LPX4-a,band_gain_3,,8,1.725301934291601e-02,6.060917822043654e-02,7.531726859812826e-02,8.246861003005913e-02,8.111326530323743e-02,7.009729658768278e-02,5.995364721280013e-02,5.318771470473977e-02
LPX4-a,band_gain_4,,8,1.307143092038886e-02,2.568808967516351e-03,2.449602048539414e-02,4.494653843659177e-02,6.938614413667764e-02,9.764039214161567e-02,1.179526033026409e-01,1.299380616091747e-01
LPX4-b,lowpass_1,700,127,-7.639567091025362e-04,-8.217832126513213e-04,-8.802435873602592e-04,-9.389012208072400e-04,-9.972572985050355e-04,-1.054746673027243e-03,-1.110733749526209e-03,-1.164508442059456e-03,-1.215282229380064e-03,-1.262184379098914e-03,-1.304258375336349e-03,-1.340458634565795e-03,-1.369647552158790e-03,-1.390592981186743e-03,-1.401966194318272e-03,-1.402340447941885e-03,-1.390190208569210e-03,-1.363891178507224e-03,-1.321721190830310e-03,-1.261862128236626e-03,-1.182402946325711e-03,-1.081343972552383e-03,-9.566025720782577e-04,-8.060203667312038e-04,-6.273721086594712e-04,-4.183764072084905e-04,-1.767084199849491e-04,9.998528474383448e-05,4.140695758198259e-04,7.679011062678847e-04,1.163806036562106e-03,1.604054925754305e-03,2.090834666947203e-03,2.626217269064217e-03,3.212125366725091e-03,3.850294279845427e-03,4.542230517586756e-03,5.289166579089066e-03,6.092011967900900e-03,6.951300316376438e-03,7.867132570896045e-03,8.839116192999775e-03,9.866300375234970e-03,1.094710730260789e-02,1.207925952286141e-02,1.325970355122893e-02,1.448452985631488e-02,1.574888946835002e-02,1.704690746142430e-02,1.837159368904289e-02,1.971475115351855e-02,2.106688255039542e-02,2.241709552361821e-02,2.375300735876401e-02,2.506064983392845e-02,2.632437516501882e-02,2.752676398091644e-02,2.864853649333434e-02,2.966846805284325e-02,3.056331048509870e-02,3.130772072818647e-02,3.187419831361454e-02,3.223303380132735e-02,3.235668787439825e-02,3.223303380132735e-02,3.187419831361454e-02,3.130772072818647e-02,3.056331048509870e-02,2.966846805284325e-02,2.864853649333434e-02,2.752676398091644e-02,2.632437516501882e-02,2.506064983392845e-02,2.375300735876401e-02,2.241709552361821e-02,2.106688255039542e-02,1.971475115351855e-02,1.837159368904289e-02,1.704690746142430e-02,1.574888946835002e-02,1.448452985631488e-02,1.325970355122893e-02,1.207925952286141e-02,1.094710730260789e-02,9.866300375234970e-03,8.839116192999775e-03,7.867132570896045e-03,6.951300316376438e-03,6.092011967900900e-03,5.289166579089066e-03,4.542230517586756e-03,3.850294279845427e-03,3.212125366725091e-03,2.626217269064217e-03,2.090834666947203e-03,1.604054925754305e-03,1.163806036562106e-03,7.679011062678847e-04,4.140695758198259e-04,9.998528474383448e-05,-1.767084199849491e-04,-4.183764072084905e-04,-6.273721086594712e-04,-8.060203667312038e-04,-9.566025720782577e-04,-1.081343972552383e-03,-1.182402946325711e-03,-1.261862128236626e-03,-1.321721190830310e-03,-1.363891178507224e-03,-1.390190208569210e-03,-1.402340447941885e-03,-1.401966194318272e-03,-1.390592981186743e-03,-1.369647552158790e-03,-1.340458634565795e-03,-1.304258375336349e-03,-1.262184379098914e-03,-1.215282229380064e-03,-1.164508442059456e-03,-1.110733749526209e-03,-1.054746673027243e-03,-9.972572985050355e-04,-9.389012208072400e-04,-8.802435873602592e-04,-8.217832126513213e-04,-7.639567091025362e-04
LPX4-b,lowpass_2,1600,63,-8.247026096831136e-04,-1.061998777777647e-03,-1.326713817918583e-03,-1.614740256921575e-03,-1.919359524568345e-03,-2.230685941316307e-03,-2.535080945830493e-03,-2.814557914836487e-03,-3.046204398146639e-03,-3.201657694765187e-03,-3.246678916113421e-03,-3.140881325656273e-03,-2.837680288221990e-03,-2.284543477684818e-03,-1.423632617450227e-03,-1.929381956117562e-04,1.471980103154250e-03,3.635528611187818e-03,6.358765854423229e-03,9.695118134312362e-03,1.368500791091244e-02,1.834929708778126e-02,2.368147091428493e-02,2.963853075715659e-02,3.613061563053610e-02,4.300944799483186e-02,5.005578938997771e-02,5.696620863542620e-02,6.333960449298473e-02,6.866408625443648e-02,7.230501801497788e-02,7.361724747309255e-02,7.230501801497788e-02,6.866408625443648e-02,6.333960449298473e-02,5.696620863542620e-02,5.005578938997771e-02,4.300944799483186e-02,3.613061563053610e-02,2.963853075715659e-02,2.368147091428493e-02,1.834929708778126e-02,1.368500791091244e-02,9.695118134312362e-03,6.358765854423229e-03,3.635528611187818e-03,1.471980103154250e-03,-1.929381956117562e-04,-1.423632617450227e-03,-2.284543477684818e-03,-2.837680288221990e-03,-3.140881325656273e-03,-3.246678916113421e-03,-3.201657694765187e-03,-3.046204398146639e-03,-2.814557914836487e-03,-2.535080945830493e-03,-2.230685941316307e-03,-1.919359524568345e-03,-1.614740256921575e-03,-1.326713817918583e-03,-1.061998777777647e-03,-8.247026096831136e-04
LPX4-b,lowpass_3,4470,31,5.124122299335091e-04,4.815931034801056e-04,1.484418334775786e-04,-6.928372611558215e-04,-2.234547768653157e-03,-4.533152862294597e-03,-7.304274158820544e-03,-9.640845705536815e-03,-9.709985956145042e-03,-4.566743791231804e-03,9.663474398410905e-03,3.686066125184423e-02,7.879768009206961e-02,1.314694474971260e-01,1.798718300213046e-01,2.002576605014715e-01,1.798718300213046e-01,1.314694474971260e-01,7.879768009206961e-02,3.686066125184423e-02,9.663474398410905e-03,-4.566743791231804e-03,-9.709985956145042e-03,-9.640845705536815e-03,-7.304274158820544e-03,-4.533152862294597e-03,-2.234547768653157e-03,-6.928372611558215e-04,1.484418334775786e-04,4.815931034801056e-04,5.124122299335091e-04
LPX4-b,band_gain_1,,8,6.726956540444536e-02,3.913654453988921e-02,4.824419439202577e-02,5.691326953026388e-02,6.462352923969672e-02,7.089250795933877e-02,7.531625750236043e-02,7.760413143197985e-02
LPX4-b,band_gain_2,,8,3.283176518879713e-02,-1.134417004171746e-02,4.705569538475925e-02,5.175165548259188e-02,7.016784563896844e-02,9.411497745992425e-02,1.028748612311295e-01,1.125473696555470e-01
LPX4-b,band_gain_3,,8,1.702102572602385e-02,6.044417873005022e-02,7.551495956279583e-02,8.295945591106821e-02,8.141180646710139e-02,7.021952534676296e-02,5.987362406026155e-02,5.255542419593600e-02
LPX4-b,band_gain_4,,8,1.334772628443536e-02,2.784169346832613e-03,2.462753421566972e-02,4.479375757233589e-02,6.937989238109968e-02,9.745066840054348e-02,1.176788999976730e-01,1.299373518014102e-01
LPX4-a-cap,lowpass_1,700,255,4.933624476507170e-06,6.015699115949444e-06,7.195407132325041e-06,8.475616685806808e-06,9.858643023582338e-06,1.134638924244013e-05,1.293985208018787e-05,1.463938418016859e-05,1.644439429053188e-05,1.835317733731668e-05,2.036302737125037e-05,2.246977736689586e-05,2.466794887034735e-05,2.695042864398432e-05,2.930833699578815e-05,3.173097582966473e-05,3.420546744794008e-05,3.671680371167067e-05,3.924747522930907e-05,4.177743225771068e-05,4.428383724645533e-05,4.674088921255810e-05,4.911969406142592e-05,5.138801243239638e-05,5.351018332423695e-05,5.544687431351770e-05,5.715501014850009e-05,5.858757458465845e-05,5.969353409192997e-05,6.041770969133242e-05,6.070071318839325e-05,6.047889347113956e-05,5.968431321110655e-05,5.824477420507877e-05,5.608386323216602e-05,5.312106711785104e-05,4.927191445204039e-05,4.444819767181056e-05,3.855823606025148e-05,3.150722725144099e-05,2.319765701057308e-05,1.352980599885940e-05,2.402332787621966e-06,-1.028703614918959e-05,-2.464072260629355e-05,-4.076039434372258e-05,-5.874595212821551e-05,-7.869438586486430e-05,-1.006985042744132e-04,-1.248455210905329e-04,-1.512155003757384e-04,-1.798796465823265e-04,-2.108984412172703e-04,-2.443196143104578e-04,-2.801759526401085e-04,-3.184829358130835e-04,-3.592362029006254e-04,-4.024088442774914e-04,-4.479485226580323e-04,-4.957744224462935e-04,-5.457740331854360e-04,-5.977997718303584e-04,-6.516654519153635e-04,-7.071426112610121e-04,-7.639567091025362e-04,-8.217832126513213e-04,-8.802435873602591e-04,-9.389012208072400e-04,-9.972572985050355e-04,-1.054746673027243e-03,-1.110733749526209e-03,-1.164508442059456e-03,-1.215282229380064e-03,-1.262184379098914e-03,-1.304258375336349e-03,-1.340458634565795e-03,-1.369647552158790e-03,-1.390592981186743e-03,-1.401966194318272e-03,-1.402340447941885e-03,-1.390190208569210e-03,-1.363891178507224e-03,-1.321721190830310e-03,-1.261862128236626e-03,-1.182402946325711e-03,-1.081343972552383e-03,-9.566025720782577e-04,-8.060203667312037e-04,-6.273721086594710e-04,-4.183764072084905e-04,-1.767084199849490e-04,9.998528474383451e-05,4.140695758198259e-04,7.679011062678846e-04,1.163806036562106e-03,1.604054925754305e-03,2.090834666947203e-03,2.626217269064217e-03,3.212125366725091e-03,3.850294279845427e-03,4.542230517586756e-03,5.289166579089066e-03,6.092011967900900e-03,6.951300316376438e-03,7.867132570896045e-03,8.839116192999775e-03,9.866300375234970e-03,1.094710730260789e-02,1.207925952286141e-02,1.325970355122893e-02,1.448452985631488e-02,1.574888946835002e-02,1.704690746142430e-02,1.837159368904289e-02,1.971475115351855e-02,2.106688255039542e-02,2.241709552361821e-02,2.375300735876401e-02,2.506064983392845e-02,2.632437516501882e-02,2.752676398091644e-02,2.864853649333434e-02,2.966846805284325e-02,3.056331048509870e-02,3.130772072818647e-02,3.187419831361454e-02,3.223303380132735e-02,3.235668787439825e-02,3.223303380132735e-02,3.187419831361454e-02,3.130772072818647e-02,3.056331048509870e-02,2.966846805284325e-02,2.864853649333434e-02,2.752676398091644e-02,2.632437516501882e-02,2.506064983392845e-02,2.375300735876401e-02,2.241709552361821e-02,2.106688255039542e-02,1.971475115351855e-02,1.837159368904289e-02,1.704690746142430e-02,1.574888946835002e-02,1.448452985631488e-02,1.325970355122893e-02,1.207925952286141e-02,1.094710730260789e-02,9.866300375234970e-03,8.839116192999775e-03,7.867132570896045e-03,6.951300316376438e-03,6.092011967900900e-03,5.289166579089066e-03,4.542230517586756e-03,3.850294279845427e-03,3.212125366725091e-03,2.626217269064217e-03,2.090834666947203e-03,1.604054925754305e-03,1.163806036562106e-03,7.679011062678846e-04,4.140695758198259e-04,9.998528474383451e-05,-1.767084199849490e-04,-4.183764072084905e-04,-6.273721086594710e-04,-8.060203667312037e-04,-9.566025720782577e-04,-1.081343972552383e-03,-1.182402946325711e-03,-1.261862128236626e-03,-1.321721190830310e-03,-1.363891178507224e-03,-1.390190208569210e-03,-1.402340447941885e-03,-1.401966194318272e-03,-1.390592981186743e-03,-1.369647552158790e-03,-1.340458634565795e-03,-1.304258375336349e-03,-1.262184379098914e-03,-1.215282229380064e-03,-1.164508442059456e-03,-1.110733749526209e-03,-1.054746673027243e-03,-9.972572985050355e-04,-9.389012208072400e-04,-8.802435873602591e-04,-8.217832126513213e-04,-7.639567091025362e-04,-7.071426112610121e-04,-6.516654519153635e-04,-5.977997718303584e-04,-5.457740331854360e-04,-4.957744224462935e-04,-4.479485226580323e-04,-4.024088442774914e-04,-3.592362029006254e-04,-3.184829358130835e-04,-2.801759526401085e-04,-2.443196143104578e-04,-2.108984412172703e-04,-1.798796465823265e-04,-1.512155003757384e-04,-1.248455210905329e-04,-1.006985042744132e-04,-7.869438586486430e-05,-5.874595212821551e-05,-4.076039434372258e-05,-2.464072260629355e-05,-1.028703614918959e-05,2.402332787621966e-06,1.352980599885940e-05,2.319765701057308e-05,3.150722725144099e-05,3.855823606025148e-05,4.444819767181056e-05,4.927191445204039e-05,5.312106711785104e-05,5.608386323216602e-05,5.824477420507877e-05,5.968431321110655e-05,6.047889347113956e-05,6.070071318839325e-05,6.041770969133242e-05,5.969353409192997e-05,5.858757458465845e-05,5.715501014850009e-05,5.544687431351770e-05,5.351018332423695e-05,5.138801243239638e-05,4.911969406142592e-05,4.674088921255810e-05,4.428383724645533e-05,4.177743225771068e-05,3.924747522930907e-05,3.671680371167067e-05,3.420546744794008e-05,3.173097582966473e-05,2.930833699578815e-05,2.695042864398432e-05,2.466794887034735e-05,2.246977736689586e-05,2.036302737125037e-05,1.835317733731668e-05,1.644439429053188e-05,1.463938418016859e-05,1.293985208018787e-05,1.134638924244013e-05,9.858643023582338e-06,8.475616685806808e-06,7.195407132325041e-06,6.015699115949444e-06,4.933624476507170e-06
LPX4-a-cap,lowpass_2,1600,127,-6.313950211713086e-06,-6.058543163360392e-06,-5.405400243142230e-06,-4.250842816095528e-06,-2.481069237682227e-06,2.541071595283502e-08,3.394318565892887e-06,7.750497216911074e-06,1.321136092526775e-05,1.987815441859036e-05,2.782537326912600e-05,3.708752184837467e-05,4.764377249681427e-05,5.939971252998487e-05,7.216705652502827e-05,8.564064512402367e-05,9.937405711274780e-05,1.127534572717261e-04,1.249716216194459e-04,1.350022655536379e-04,1.415774133531071e-04,1.431686537842592e-04,1.379759861246448e-04,1.239260114990159e-04,9.868424457228494e-05,5.968431135412336e-05,4.179841219380668e-06,-7.067725449288116e-05,-1.677255655651875e-04,-2.896458040955158e-04,-4.387686485310348e-04,-6.168349153091408e-04,-8.247026096831136e-04,-1.061998777777647e-03,-1.326713817918583e-03,-1.614740256921575e-03,-1.919359524568345e-03,-2.230685941316307e-03,-2.535080945830493e-03,-2.814557914836487e-03,-3.046204398146639e-03,-3.201657694765187e-03,-3.246678916113421e-03,-3.140881325656273e-03,-2.837680288221990e-03,-2.284543477684818e-03,-1.423632617450227e-03,-1.929381956117562e-04,1.471980103154250e-03,3.635528611187818e-03,6.358765854423229e-03,9.695118134312362e-03,1.368500791091244e-02,1.834929708778126e-02,2.368147091428493e-02,2.963853075715659e-02,3.613061563053610e-02,4.300944799483186e-02,5.005578938997771e-02,5.696620863542620e-02,6.333960449298473e-02,6.866408625443648e-02,7.230501801497788e-02,7.361724747309255e-02,7.230501801497788e-02,6.866408625443648e-02,6.333960449298473e-02,5.696620863542620e-02,5.005578938997771e-02,4.300944799483186e-02,3.613061563053610e-02,2.963853075715659e-02,2.368147091428493e-02,1.834929708778126e-02,1.368500791091244e-02,9.695118134312362e-03,6.358765854423229e-03,3.635528611187818e-03,1.471980103154250e-03,-1.929381956117562e-04,-1.423632617450227e-03,-2.284543477684818e-03,-2.837680288221990e-03,-3.140881325656273e-03,-3.246678916113421e-03,-3.201657694765187e-03,-3.046204398146639e-03,-2.814557914836487e-03,-2.535080945830493e-03,-2.230685941316307e-03,-1.919359524568345e-03,-1.614740256921575e-03,-1.326713817918583e-03,-1.061998777777647e-03,-8.247026096831136e-04,-6.168349153091408e-04,-4.387686485310348e-04,-2.896458040955158e-04,-1.677255655651875e-04,-7.067725449288116e-05,4.179841219380668e-06,5.968431135412336e-05,9.868424457228494e-05,1.239260114990159e-04,1.379759861246448e-04,1.431686537842592e-04,1.415774133531071e-04,1.350022655536379e-04,1.249716216194459e-04,1.127534572717261e-04,9.937405711274780e-05,8.564064512402367e-05,7.216705652502827e-05,5.939971252998487e-05,4.764377249681427e-05,3.708752184837467e-05,2.782537326912600e-05,1.987815441859036e-05,1.321136092526775e-05,7.750497216911074e-06,3.394318565892887e-06,2.541071595283502e-08,-2.481069237682227e-06,-4.250842816095528e-06,-5.405400243142230e-06,-6.058543163360392e-06,-6.313950211713086e-06
LPX4-a-cap,lowpass_3,4470,63,8.315595315421973e-07,1.205701179924819e-06,1.404567581635190e-06,1.090229991024537e-06,-2.199047220315878e-07,-3.091526788542665e-06,-7.958059163884779e-06,-1.472477669394044e-05,-2.213612107016644e-05,-2.697562928649889e-05,-2.330622299495355e-05,-2.217495599284209e-06,4.711722516960260e-05,1.340003800181877e-04,2.591628065451078e-04,4.033905437112777e-04,5.124122299335091e-04,4.815931034801057e-04,1.484418334775787e-04,-6.928372611558215e-04,-2.234547768653157e-03,-4.533152862294597e-03,-7.304274158820544e-03,-9.640845705536815e-03,-9.709985956145042e-03,-4.566743791231804e-03,9.663474398410905e-03,3.686066125184423e-02,7.879768009206961e-02,1.314694474971260e-01,1.798718300213046e-01,2.002576605014715e-01,1.798718300213046e-01,1.314694474971260e-01,7.879768009206961e-02,3.686066125184423e-02,9.663474398410905e-03,-4.566743791231804e-03,-9.709985956145042e-03,-9.640845705536815e-03,-7.304274158820544e-03,-4.533152862294597e-03,-2.234547768653157e-03,-6.928372611558215e-04,1.484418334775787e-04,4.815931034801057e-04,5.124122299335091e-04,4.033905437112777e-04,2.591628065451078e-04,1.340003800181877e-04,4.711722516960260e-05,-2.217495599284209e-06,-2.330622299495355e-05,-2.697562928649889e-05,-2.213612107016644e-05,-1.472477669394044e-05,-7.958059163884779e-06,-3.091526788542665e-06,-2.199047220315878e-07,1.090229991024537e-06,1.404567581635190e-06,1.205701179924819e-06,8.315595315421973e-07
LPX4-a-cap,band_gain_1,,8,6.726956540444536e-02,3.913654453988921e-02,4.824419439202577e-02,5.691326953026388e-02,6.462352923969672e-02,7.089250795933877e-02,7.531625750236043e-02,7.760413143197985e-02
LPX4-a-cap,band_gain_2,,8,3.065276685576874e-02,-3.027908042700990e-03,4.561565478642130e-02,5.658604956907928e-02,7.060164807932802e-02,9.250924847130572e-02,9.976558360477736e-02,1.072969566760206e-01
LPX4-a-cap,band_gain_3,,8,9.668590304026413e-03,4.630593174322478e-02,6.057011618223270e-02,7.128232177337680e-02,7.812631004139671e-02,7.852893361401997e-02,7.818082436091955e-02,7.733697198080310e-02
LPX4-a-cap,band_gain_4,,8,2.472170296966079e-02,1.671777316462086e-02,3.844196960019750e-02,5.368379593962729e-02,7.056529769607224e-02,8.816777675915333e-02,1.004047271946819e-01,1.072969566759862e-01
LPX4-b-cap,lowpass_1,700,127,-7.639567091025362e-04,-8.217832126513213e-04,-8.802435873602592e-04,-9.389012208072400e-04,-9.972572985050355e-04,-1.054746673027243e-03,-1.110733749526209e-03,-1.164508442059456e-03,-1.215282229380064e-03,-1.262184379098914e-03,-1.304258375336349e-03,-1.340458634565795e-03,-1.369647552158790e-03,-1.390592981186743e-03,-1.401966194318272e-03,-1.402340447941885e-03,-1.390190208569210e-03,-1.363891178507224e-03,-1.321721190830310e-03,-1.261862128236626e-03,-1.182402946325711e-03,-1.081343972552383e-03,-9.566025720782577e-04,-8.060203667312038e-04,-6.273721086594712e-04,-4.183764072084905e-04,-1.767084199849491e-04,9.998528474383448e-05,4.140695758198259e-04,7.679011062678847e-04,1.163806036562106e-03,1.604054925754305e-03,2.090834666947203e-03,2.626217269064217e-03,3.212125366725091e-03,3.850294279845427e-03,4.542230517586756e-03,5.289166579089066e-03,6.092011967900900e-03,6.951300316376438e-03,7.867132570896045e-03,8.839116192999775e-03,9.866300375234970e-03,1.094710730260789e-02,1.207925952286141e-02,1.325970355122893e-02,1.448452985631488e-02,1.574888946835002e-02,1.704690746142430e-02,1.837159368904289e-02,1.971475115351855e-02,2.106688255039542e-02,2.241709552361821e-02,2.375300735876401e-02,2.506064983392845e-02,2.632437516501882e-02,2.752676398091644e-02,2.864853649333434e-02,2.966846805284325e-02,3.056331048509870e-02,3.130772072818647e-02,3.187419831361454e-02,3.223303380132735e-02,3.235668787439825e-02,3.223303380132735e-02,3.187419831361454e-02,3.130772072818647e-02,3.056331048509870e-02,2.966846805284325e-02,2.864853649333434e-02,2.752676398091644e-02,2.632437516501882e-02,2.506064983392845e-02,2.375300735876401e-02,2.241709552361821e-02,2.106688255039542e-02,1.971475115351855e-02,1.837159368904289e-02,1.704690746142430e-02,1.574888946835002e-02,1.448452985631488e-02,1.325970355122893e-02,1.207925952286141e-02,1.094710730260789e-02,9.866300375234970e-03,8.839116192999775e-03,7.867132570896045e-03,6.951300316376438e-03,6.092011967900900e-03,5.289166579089066e-03,4.542230517586756e-03,3.850294279845427e-03,3.212125366725091e-03,2.626217269064217e-03,2.090834666947203e-03,1.604054925754305e-03,1.163806036562106e-03,7.679011062678847e-04,4.140695758198259e-04,9.998528474383448e-05,-1.767084199849491e-04,-4.183764072084905e-04,-6.273721086594712e-04,-8.060203667312038e-04,-9.566025720782577e-04,-1.081343972552383e-03,-1.182402946325711e-03,-1.261862128236626e-03,-1.321721190830310e-03,-1.363891178507224e-03,-1.390190208569210e-03,-1.402340447941885e-03,-1.401966194318272e-03,-1.390592981186743e-03,-1.369647552158790e-03,-1.340458634565795e-03,-1.304258375336349e-03,-1.262184379098914e-03,-1.215282229380064e-03,-1.164508442059456e-03,-1.110733749526209e-03,-1.054746673027243e-03,-9.972572985050355e-04,-9.389012208072400e-04,-8.802435873602592e-04,-8.217832126513213e-04,-7.639567091025362e-04
LPX4-b-cap,lowpass_2,1600,63,-8.247026096831136e-04,-1.061998777777647e-03,-1.326713817918583e-03,-1.614740256921575e-03,-1.919359524568345e-03,-2.230685941316307e-03,-2.535080945830493e-03,-2.814557914836487e-03,-3.046204398146639e-03,-3.201657694765187e-03,-3.246678916113421e-03,-3.140881325656273e-03,-2.837680288221990e-03,-2.284543477684818e-03,-1.423632617450227e-03,-1.929381956117562e-04,1.471980103154250e-03,3.635528611187818e-03,6.358765854423229e-03,9.695118134312362e-03,1.368500791091244e-02,1.834929708778126e-02,2.368147091428493e-02,2.963853075715659e-02,3.613061563053610e-02,4.300944799483186e-02,5.005578938997771e-02,5.696620863542620e-02,6.333960449298473e-02,6.866408625443648e-02,7.230501801497788e-02,7.361724747309255e-02,7.230501801497788e-02,6.866408625443648e-02,6.333960449298473e-02,5.696620863542620e-02,5.005578938997771e-02,4.300944799483186e-02,3.613061563053610e-02,2.963853075715659e-02,2.368147091428493e-02,1.834929708778126e-02,1.368500791091244e-02,9.695118134312362e-03,6.358765854423229e-03,3.635528611187818e-03,1.471980103154250e-03,-1.929381956117562e-04,-1.423632617450227e-03,-2.284543477684818e-03,-2.837680288221990e-03,-3.140881325656273e-03,-3.246678916113421e-03,-3.201657694765187e-03,-3.046204398146639e-03,-2.814557914836487e-03,-2.535080945830493e-03,-2.230685941316307e-03,-1.919359524568345e-03,-1.614740256921575e-03,-1.326713817918583e-03,-1.061998777777647e-03,-8.247026096831136e-04
LPX4-b-cap,lowpass_3,4470,31,5.124122299335091e-04,4.815931034801056e-04,1.484418334775786e-04,-6.928372611558215e-04,-2.234547768653157e-03,-4.533152862294597e-03,-7.304274158820544e-03,-9.640845705536815e-03,-9.709985956145042e-03,-4.566743791231804e-03,9.663474398410905e-03,3.686066125184423e-02,7.879768009206961e-02,1.314694474971260e-01,1.798718300213046e-01,2.002576605014715e-01,1.798718300213046e-01,1.314694474971260e-01,7.879768009206961e-02,3.686066125184423e-02,9.663474398410905e-03,-4.566743791231804e-03,-9.709985956145042e-03,-9.640845705536815e-03,-7.304274158820544e-03,-4.533152862294597e-03,-2.234547768653157e-03,-6.928372611558215e-04,1.484418334775786e-04,4.815931034801056e-04,5.124122299335091e-04
LPX4-b-cap,band_gain_1,,8,6.726956540444536e-02,3.913654453988921e-02,4.824419439202577e-02,5.691326953026388e-02,6.462352923969672e-02,7.089250795933877e-02,7.531625750236043e-02,7.760413143197985e-02
LPX4-b-cap,band_gain_2,,8,3.090494666444410e-02,-3.200748861569842e-03,4.582518644910655e-02,5.597805917701148e-02,7.053717579453270e-02,9.262978630790328e-02,9.940699820700415e-02,1.079185962615676e-01
LPX4-b-cap,band_gain_3,,8,9.640361214197000e-03,4.655230762988814e-02,6.104514548619911e-02,7.211592240271673e-02,7.851782224523034e-02,7.837791520245155e-02,7.765236694391316e-02,7.609815887540394e-02
LPX4-b-cap,band_gain_4,,8,2.471558757588186e-02,1.649777463612692e-02,3.827795220646345e-02,5.323445195427585e-02,7.048932921418292e-02,8.829052020747381e-02,1.005757879440556e-01,1.079185962615396e-01
