file,band_hz,level_db,R_rms_dB,P_peak_dB,F_first_lsb,F_last_lsb,F_head10ms_dB,F_tail10ms_dB,Leq10s_range_dB_info,Leq30s_range_dB_info,C_resid_max_lsb,B_inband_frac,E1_far_energy_dB,near_energy_dB_info,P1_far_psd_dB,P1_far_psd_bin_max_dB_info,P2_adj_psd_dB,E2_adj_energy_dB,S_slope_dB_per_decade,S_points,W_far_energy_dB,W_far_psd_bin_max_dB,W_adj_psd_dB,verdict,L_resid_lsb,L_step_dB
s7ff_v1_0500Hz_0dB.wav,500,0,-23,-9.05882,0,0,-63.2791,-62.3132,0.352721,0.119156,2.62455,1,-126.435,-141.107,-147.769,-137.606,-149.311,-148.326,-10.0004,7,-117.135,-122.044,-112.148,PASS,,
s7ff_v1_0500Hz_m10dB.wav,500,-10,-33,-19.0588,0,0,-63.2781,-62.3128,0.352721,0.119156,0.981916,1,-116.437,-131.132,-136.911,-128.15,-139.021,-138.486,-10.0004,7,-113.986,-121.87,-112.138,PASS,0.302597,-10
s7ff_v1_0500Hz_m20dB.wav,500,-20,-43,-29.0588,0,0,-63.2786,-62.3107,0.352721,0.119156,0.660105,1,-106.435,-121.145,-127.697,-118.18,-129.55,-128.424,-10.0004,7,-106.09,-120.934,-112.066,PASS,0.291423,-20
s7ff_v1_0500Hz_m30dB.wav,500,-30,-53,-39.0588,0,0,-63.284,-62.3036,0.352721,0.119156,0.651014,1,-96.429,-111.123,-117.464,-107.937,-119.431,-118.398,-10.0004,7,-96.3647,-116.497,-111.454,PASS,0.288889,-30
s7ff_v1_0500Hz_m40dB.wav,500,-40,-63,-49.0588,0,0,-63.2261,-62.2495,0.352722,0.119156,0.637775,1,-86.4312,-101.111,-107.62,-98.0811,-109.231,-108.444,-10.0004,7,-86.3928,-107.115,-107.492,PASS,0.288694,-40
s7ff_v1_0630Hz_0dB.wav,630,0,-23,-10.4405,0,0,-62.2192,-66.894,0.320661,0.0499263,1.7852,1,-126.479,-140.128,-146.789,-136.769,-148.324,-147.453,-10.0005,7,-117.526,-122.156,-112.693,PASS,,
s7ff_v1_0630Hz_m10dB.wav,630,-10,-33,-20.4405,0,0,-62.2193,-66.8907,0.320661,0.0499263,0.879978,1,-116.474,-130.148,-137.023,-126.885,-138.368,-137.378,-10.0005,7,-114.187,-121.819,-112.681,PASS,0.302752,-10
s7ff_v1_0630Hz_m20dB.wav,630,-20,-43,-30.4405,0,0,-62.2157,-66.8951,0.320661,0.0499263,0.649525,1,-106.476,-120.161,-126.816,-116.112,-128.353,-127.483,-10.0005,7,-106.155,-120.639,-112.586,PASS,0.29145,-20
s7ff_v1_0630Hz_m30dB.wav,630,-30,-53,-40.4405,0,0,-62.2323,-66.8947,0.320661,0.0499263,0.653495,1,-96.475,-110.187,-116.323,-107.263,-118.348,-117.47,-10.0005,7,-96.4079,-115.494,-111.651,PASS,0.288735,-30
s7ff_v1_0630Hz_m40dB.wav,630,-40,-63,-50.4406,0,0,-62.1743,-66.8455,0.320661,0.0499263,0.661542,1,-86.4735,-100.138,-106.547,-97.0708,-108.37,-107.434,-10.0005,7,-86.4348,-106.427,-107.017,PASS,0.288707,-40
s7ff_v1_0800Hz_0dB.wav,800,0,-23,-9.18562,0,0,-65.7953,-77.1901,0.333093,0.0641742,1.06592,1,-126.532,-139.072,-145.8,-136.447,-146.909,-146.378,-10.0004,7,-116.859,-121.482,-112.583,PASS,,
s7ff_v1_0800Hz_m10dB.wav,800,-10,-33,-19.1856,0,0,-65.7958,-77.1979,0.333093,0.0641742,0.664634,1,-116.537,-129.063,-135.999,-125.825,-137.234,-136.334,-10.0004,7,-113.886,-121.26,-112.57,PASS,0.302735,-10
s7ff_v1_0800Hz_m20dB.wav,800,-20,-43,-29.1856,0,0,-65.7973,-77.1662,0.333093,0.0641743,0.670728,1,-106.536,-119.078,-126.255,-115.024,-127.36,-126.41,-10.0004,7,-106.135,-119.856,-112.447,PASS,0.291584,-20
s7ff_v1_0800Hz_m30dB.wav,800,-30,-53,-39.1856,0,0,-65.7736,-77.0814,0.333093,0.0641742,0.658537,1,-96.5339,-109.057,-116.02,-106.301,-117.094,-116.388,-10.0004,7,-96.4366,-114.695,-111.294,PASS,0.288911,-30
s7ff_v1_0800Hz_m40dB.wav,800,-40,-63,-49.1855,0,0,-65.7522,-76.7111,0.333092,0.0641743,0.674688,1,-86.5343,-99.0801,-105.885,-95.6318,-107.255,-106.378,-10.0004,7,-86.4687,-105.088,-106.268,PASS,0.288722,-40
s7ff_v1_1000Hz_0dB.wav,1000,0,-23,-9.31219,0,0,-66.8235,-70.25,0.250704,0.0498621,1.46801,1,-126.603,-138.151,-144.529,-134.8,-146.313,-145.48,-10.0002,7,-118.688,-123.213,-113.838,PASS,,
s7ff_v1_1000Hz_m10dB.wav,1000,-10,-33,-19.3122,0,0,-66.8231,-70.2521,0.250704,0.0498621,0.870397,1,-116.604,-128.116,-134.931,-124.842,-136.226,-135.421,-10.0002,7,-114.776,-122.874,-113.815,PASS,0.302751,-10
s7ff_v1_1000Hz_m20dB.wav,1000,-20,-43,-29.3122,0,0,-66.8287,-70.2533,0.250704,0.0498621,0.682486,1,-106.605,-118.12,-124.419,-115.441,-126.228,-125.412,-10.0002,7,-106.362,-120.757,-113.612,PASS,0.291456,-20
s7ff_v1_1000Hz_m30dB.wav,1000,-30,-53,-39.3122,0,0,-66.7996,-70.2673,0.250704,0.0498621,0.688944,1,-96.6071,-108.096,-113.765,-104.945,-116.399,-115.425,-10.0002,7,-96.5626,-113.913,-111.925,PASS,0.288812,-30
s7ff_v1_1000Hz_m40dB.wav,1000,-40,-63,-49.3122,0,0,-66.7717,-70.2072,0.250703,0.0498619,0.698304,1,-86.6058,-98.1331,-104.29,-95.1646,-106.576,-105.47,-10.0002,7,-86.5783,-104.219,-105.803,PASS,0.288602,-40
s7ff_v1_1250Hz_0dB.wav,1250,0,-23,-9.9164,0,0,-63.5147,-69.4042,0.195274,0.0541224,0.904461,1,-126.691,-137.147,-143.474,-134.029,-145.408,-144.443,-9.99959,7,-119.257,-124.112,-114.566,PASS,,
s7ff_v1_1250Hz_m10dB.wav,1250,-10,-33,-19.9164,0,0,-63.5144,-69.4052,0.195274,0.0541224,0.703818,1,-116.691,-127.156,-133.817,-124.023,-135.437,-134.478,-9.99959,7,-115.055,-123.541,-114.536,PASS,0.302713,-10
s7ff_v1_1250Hz_m20dB.wav,1250,-20,-43,-29.9164,0,0,-63.5116,-69.3969,0.195274,0.0541224,0.720558,1,-106.691,-117.138,-123.351,-113.674,-125.319,-124.426,-9.99959,7,-106.488,-120.751,-114.204,PASS,0.291607,-20
s7ff_v1_1250Hz_m30dB.wav,1250,-30,-53,-39.9164,0,0,-63.5083,-69.3948,0.195274,0.0541224,0.691074,1,-96.7024,-107.116,-113.132,-104.094,-115.216,-114.428,-9.99959,7,-96.6725,-112.891,-111.979,PASS,0.288619,-30
s7ff_v1_1250Hz_m40dB.wav,1250,-40,-63,-49.9163,0,0,-63.5484,-69.3349,0.195273,0.0541223,0.714809,1,-86.6938,-97.1387,-103.942,-94.5218,-105.244,-104.444,-9.99958,7,-86.6831,-103.235,-104.9,PASS,0.288661,-40
s7ff_v1_1600Hz_0dB.wav,1600,0,-23,-10.1138,0,0,-63.9886,-68.5389,0.162923,0.0129878,0.961225,1,-126.822,-136.081,-142.377,-133.482,-144.244,-143.396,-9.99984,7,-120.592,-124.673,-115.789,PASS,,
s7ff_v1_1600Hz_m10dB.wav,1600,-10,-33,-20.1138,0,0,-63.9881,-68.5385,0.162923,0.0129878,0.730705,1,-116.821,-126.074,-132.65,-123.388,-134.304,-133.405,-9.99984,7,-115.595,-123.956,-115.737,PASS,0.30282,-10
s7ff_v1_1600Hz_m20dB.wav,1600,-20,-43,-30.1138,0,0,-63.9859,-68.5444,0.162923,0.0129878,0.719084,1,-106.817,-116.083,-122.968,-112.834,-124.226,-123.407,-9.99983,7,-106.646,-120.57,-115.218,PASS,0.291535,-20
s7ff_v1_1600Hz_m30dB.wav,1600,-30,-53,-40.1138,0,0,-63.984,-68.54,0.162924,0.0129878,0.733618,1,-96.8226,-106.086,-112.868,-103.027,-114.154,-113.389,-9.99984,7,-96.7729,-112.024,-111.84,PASS,0.288707,-30
s7ff_v1_1600Hz_m40dB.wav,1600,-40,-63,-50.1137,0,0,-63.9842,-68.3981,0.162924,0.0129879,0.709879,1,-86.8185,-96.0635,-102.076,-92.6592,-104.176,-103.359,-9.99985,7,-86.7826,-102.16,-103.954,PASS,0.288806,-40
s7ff_v1_2000Hz_0dB.wav,2000,0,-23,-10.0799,0,0,-64.8463,-67.6914,0.232605,0.0252796,0.757406,1,-126.976,-135.092,-141.498,-132.854,-143.199,-142.393,-10.0005,7,-120.818,-125.868,-116.456,PASS,,
s7ff_v1_2000Hz_m10dB.wav,2000,-10,-33,-20.0799,0,0,-64.8456,-67.6913,0.232605,0.0252796,0.757701,1,-116.976,-125.098,-130.927,-122.301,-133.373,-132.378,-10.0005,7,-115.791,-124.598,-116.376,PASS,0.302658,-10
s7ff_v1_2000Hz_m20dB.wav,2000,-20,-43,-30.0799,0,0,-64.8458,-67.6934,0.232605,0.0252796,0.745135,1,-106.97,-115.127,-121.531,-111.354,-123.321,-122.434,-10.0005,7,-106.832,-119.913,-115.671,PASS,0.291538,-20
s7ff_v1_2000Hz_m30dB.wav,2000,-30,-53,-40.0799,0,0,-64.8448,-67.6721,0.232605,0.0252796,0.766059,1,-96.968,-105.111,-111.95,-102.162,-113.394,-112.423,-10.0005,7,-96.9498,-111.032,-111.825,PASS,0.28885,-30
s7ff_v1_2000Hz_m40dB.wav,2000,-40,-63,-50.08,0,0,-64.7958,-67.6473,0.232604,0.0252798,0.747633,1,-86.9682,-95.0845,-101.968,-91.9371,-103.405,-102.354,-10.0004,7,-86.9607,-101.184,-103.288,PASS,0.28883,-40
s7ff_v1_2500Hz_0dB.wav,2500,0,-23,-10.1569,0,0,-66.8156,-64.194,0.142365,0.0138698,0.80202,1,-127.17,-134.141,-141.132,-131.051,-142.427,-141.427,-9.9996,7,-121.216,-126.306,-117.026,PASS,,
s7ff_v1_2500Hz_m10dB.wav,2500,-10,-33,-20.1569,0,0,-66.8153,-64.1923,0.142365,0.0138698,0.780147,1,-117.172,-124.126,-130.527,-121.125,-132.338,-131.458,-9.9996,7,-116.054,-124.975,-116.919,PASS,0.302614,-10
s7ff_v1_2500Hz_m20dB.wav,2500,-20,-43,-30.1569,0,0,-66.8034,-64.1918,0.142364,0.0138698,0.771449,1,-107.169,-114.127,-120.963,-111.19,-122.483,-121.422,-9.9996,7,-107.043,-119.816,-115.973,PASS,0.291512,-20
s7ff_v1_2500Hz_m30dB.wav,2500,-30,-53,-40.1568,0,0,-66.8254,-64.1858,0.142364,0.0138698,0.82826,1,-97.1672,-104.133,-110.651,-100.941,-112.394,-111.369,-9.99961,7,-97.1571,-110.117,-111.146,PASS,0.288746,-30
s7ff_v1_2500Hz_m40dB.wav,2500,-40,-63,-50.157,0,0,-66.8604,-64.2516,0.142364,0.0138698,0.778864,1,-87.1801,-94.1292,-101.114,-91.3945,-102.306,-101.444,-9.99961,7,-87.1755,-100.262,-102.117,PASS,0.288422,-40
s7ff_v1_3150Hz_0dB.wav,3150,0,-23,-8.49275,0,0,-66.6791,-63.9621,0.114146,0.0183051,0.778494,1,-127.436,-133.134,-138.304,-129.859,-141.479,-140.466,-9.99998,7,-123.612,-129.105,-119.852,PASS,,
s7ff_v1_3150Hz_m10dB.wav,3150,-10,-33,-18.4927,0,0,-66.6775,-63.9606,0.114146,0.0183051,0.797148,1,-117.433,-123.133,-129.539,-120.118,-131.38,-130.443,-9.99998,7,-116.839,-126.267,-119.594,PASS,0.302906,-10
s7ff_v1_3150Hz_m20dB.wav,3150,-20,-43,-28.4927,0,0,-66.6767,-63.9576,0.114146,0.0183051,0.782309,1,-107.435,-113.12,-119.583,-110.151,-121.375,-120.428,-9.99998,7,-107.349,-118.993,-117.503,PASS,0.291662,-20
s7ff_v1_3150Hz_m30dB.wav,3150,-30,-53,-38.4928,0,0,-66.6904,-63.9578,0.114146,0.0183052,0.795302,1,-97.4401,-103.122,-109.34,-99.8717,-111.34,-110.403,-9.99998,7,-97.4131,-109.239,-110.783,PASS,0.288808,-30
s7ff_v1_3150Hz_m40dB.wav,3150,-40,-63,-48.4927,0,0,-66.6514,-63.9223,0.114145,0.0183051,0.78222,1,-87.4384,-93.1378,-100.11,-90.4742,-101.363,-100.381,-9.99999,7,-87.4122,-99.3539,-101.323,PASS,0.288506,-40
s7ff_v1_4000Hz_0dB.wav,4000,0,-23,-9.06101,0,0,-70.8823,-67.163,0.113241,0.0160628,0.818127,1,-127.816,-132.087,-138.871,-129.368,-140.369,-139.38,-10.0002,7,-122.784,-128.087,-119.785,PASS,,
s7ff_v1_4000Hz_m10dB.wav,4000,-10,-33,-19.061,0,0,-70.8812,-67.1605,0.113241,0.0160628,0.800571,1,-117.817,-122.104,-128.923,-119.672,-130.4,-129.378,-10.0002,7,-116.964,-125.258,-119.463,PASS,0.302521,-10
s7ff_v1_4000Hz_m20dB.wav,4000,-20,-43,-29.061,0,0,-70.8864,-67.1588,0.113241,0.0160628,0.825247,1,-107.811,-112.092,-118.465,-109.368,-120.438,-119.388,-10.0002,7,-107.727,-118.098,-117.135,PASS,0.291613,-20
s7ff_v1_4000Hz_m30dB.wav,4000,-30,-53,-39.061,0,0,-70.9298,-67.1618,0.113241,0.0160627,0.817864,1,-97.8195,-102.1,-108.962,-99.3741,-110.322,-109.352,-10.0002,7,-97.8203,-108.421,-109.889,PASS,0.288629,-30
s7ff_v1_4000Hz_m40dB.wav,4000,-40,-63,-49.0609,0,0,-70.6516,-67.2429,0.113239,0.0160629,0.790963,1,-87.8148,-92.0944,-98.5599,-89.0796,-100.351,-99.3926,-10.0002,7,-87.8296,-98.4312,-100.294,PASS,0.288706,-40
s7ff_v1_5000Hz_0dB.wav,5000,0,-23,-9.27658,0,0,-67.7617,-68.6502,0.162222,0.0118458,0.913294,1,-128.303,-131.13,-138.231,-128.798,-139.449,-138.442,-9.99989,7,-124.795,-130.095,-121.772,PASS,,
s7ff_v1_5000Hz_m10dB.wav,5000,-10,-33,-19.2766,0,0,-67.7607,-68.6473,0.162222,0.0118458,0.826027,1,-118.309,-121.129,-128.076,-118.474,-129.376,-128.452,-9.99989,7,-117.827,-126.019,-121.154,PASS,0.302695,-10
s7ff_v1_5000Hz_m20dB.wav,5000,-20,-43,-29.2766,0,0,-67.756,-68.6548,0.162222,0.0118458,0.835184,1,-108.302,-111.122,-118.084,-108.171,-119.442,-118.442,-9.99989,7,-108.287,-117.254,-117.5,PASS,0.291655,-20
s7ff_v1_5000Hz_m30dB.wav,5000,-30,-53,-39.2766,0,0,-67.7641,-68.6424,0.162222,0.0118458,0.824328,1,-98.3081,-101.112,-107.051,-98.7142,-109.4,-108.387,-9.99989,7,-98.339,-107.467,-109.216,PASS,0.288894,-30
s7ff_v1_5000Hz_m40dB.wav,5000,-40,-63,-49.2766,0,0,-67.7699,-68.6708,0.162223,0.0118458,0.840669,1,-88.3034,-91.1371,-97.2064,-88.2287,-99.3197,-98.409,-9.99993,7,-88.3451,-97.2703,-99.3355,PASS,0.288632,-40
s7ff_v1_6300Hz_0dB.wav,6300,0,-23,-8.89264,0,0,-68.8017,-67.0875,0.134559,0.0120659,0.841757,1,-129.052,-130.127,-136.995,-126.534,-138.394,-137.447,-10,7,-124.641,-127.787,-120.236,PASS,,
s7ff_v1_6300Hz_m10dB.wav,6300,-10,-33,-18.8926,0,0,-68.8026,-67.0883,0.134559,0.0120659,0.877989,1,-119.042,-120.124,-126.603,-117.591,-128.412,-127.444,-10,7,-118.346,-124.116,-119.689,PASS,0.30257,-10
s7ff_v1_6300Hz_m20dB.wav,6300,-20,-43,-28.8926,0,0,-68.8114,-67.0918,0.134559,0.0120659,0.846844,1,-109.048,-110.12,-116.667,-107.033,-118.403,-117.433,-10,7,-108.983,-116.214,-116.247,PASS,0.291518,-20
s7ff_v1_6300Hz_m30dB.wav,6300,-30,-53,-38.8927,0,0,-68.8141,-67.0866,0.134559,0.0120659,0.888888,1,-99.0471,-100.12,-105.26,-97.1868,-108.376,-107.409,-10,7,-99.0521,-106.396,-108.118,PASS,0.288776,-30
s7ff_v1_6300Hz_m40dB.wav,6300,-40,-63,-48.8927,0,0,-68.7625,-67.0735,0.134559,0.0120658,0.84225,1,-89.0513,-90.1185,-96.2429,-87.2785,-98.4051,-97.4245,-10,7,-89.0628,-96.3669,-98.4495,PASS,0.288596,-40
s7ff_v1_silence.wav,-,-,,,,,,,,,,,,,,,,,,,,,,PASS,,
